,Alcohol,Malic_Acid,Ash,Ash_Alcanity,Magnesium,Total_Phenols,Flavanoids,Nonflavanoid_Phenols,Proanthocyanins,Color_Intensity,Hue,OD280,Proline,Flavanoid_Ratio,Ash_Alcanity_Index,Color_Saturation_Index,Proanthocyanin_Flavanoid_Ratio,Cluster
0,0.897338403041824,-0.1047297297297299,0.201438848920864,-0.9069767441860463,1.5263157894736843,0.42080378250591,0.5538922155688625,-0.3582089552238806,1.0499999999999998,0.3187919463087248,0.2222222222222223,0.924949290060852,0.8080495356037152,0.3569714487124645,-0.9928295629883428,0.1817908071207792,-0.0339577344987949,1
1,0.1140684410646376,-0.0574324324324325,-0.6330935251798552,-1.9302325581395348,0.1052631578947368,0.2789598108747044,0.374251497005988,-0.4776119402985076,-0.392857142857143,-0.1040268456375837,0.251851851851852,0.5030425963488845,0.7770897832817337,0.2388235465986532,-1.6028012755358367,-0.1704119250397107,-0.5234248766659608,1
2,0.0836501901140679,0.3344594594594592,0.8920863309352516,-0.2093023255813949,0.1578947368421052,0.42080378250591,0.6616766467065871,-0.2388059701492539,1.792857142857143,0.3322147651006711,0.1925925925925926,0.3164300202839757,1.0557275541795663,0.5048888403127081,-0.7117646255692135,0.2075341931687319,0.1705639010003601,1
3,1.0038022813688192,0.0574324324324322,0.4028776978417268,-0.6279069767441858,0.7894736842105263,1.41371158392435,0.8113772455089824,-0.5970149253731346,0.8928571428571429,1.0436241610738255,-0.3111111111111109,0.5436105476673432,1.6646026831785343,-0.0718393722607868,-0.8384236478103627,1.2079366560628788,-0.2467453384645276,1
4,0.1444866920152086,0.4898648648648646,1.4676258992805755,0.3488372093023255,1.0526315789473684,0.42080378250591,0.3323353293413175,0.2985074626865671,0.3785714285714284,-0.124161073825503,0.2222222222222223,0.1217038539553755,0.1269349845201238,0.052919032645297,-0.5313708165133195,-0.1753594721246798,-0.1574194475462422,1
5,0.8745247148288954,-0.070945945945946,0.2589928057553964,-1.0,0.7368421052631579,0.8652482269503547,0.7514970059880242,0.0,0.5928571428571426,0.691275167785235,0.251851851851852,0.056795131845842,1.6026831785345717,0.2277511791092406,-1.103741398828024,0.4647280578936169,-0.3215949695653515,1
6,1.0190114068441054,0.0033783783783783,0.2589928057553964,-1.13953488372093,-0.1052631578947368,0.1371158392434988,0.2305389221556887,-0.2388059701492539,0.6071428571428569,0.1879194630872484,0.162962962962963,0.6490872210953349,1.2724458204334366,0.1617203923996951,-1.2296833558565086,0.1041217351299114,0.0302757839842663,1
7,0.7680608365019003,0.1925675675675673,0.7194244604316544,-0.4418604651162787,1.2105263157894737,0.231678486997636,0.2245508982035928,-0.1791044776119404,-0.4357142857142859,0.1208053691275168,0.2814814814814816,0.6490872210953349,1.282765737874097,0.0636651069080838,-0.8264438230193606,-0.0036250939752592,-0.464537328991126,1
8,1.3536121673003785,-0.1520270270270272,-0.5467625899280572,-1.2790697674418603,-0.0526315789473684,0.42080378250591,0.505988023952096,-0.2985074626865674,0.6071428571428569,0.1711409395973156,0.3407407407407409,0.056795131845842,0.7667698658410733,0.2912303857790227,-0.9764454019451212,0.010631293936111,-0.1783163235241167,1
9,0.6159695817490478,-0.3479729729729731,-0.2589928057553952,-0.8139534883720929,0.0,0.591016548463357,0.6077844311377246,-0.7164179104477614,0.4214285714285714,0.848993288590604,0.1333333333333334,0.6247464503042597,0.7667698658410733,0.274574564920241,-0.6695099227484033,0.667313676541514,-0.3109651816170551,1
10,0.7984790874524699,0.1993243243243243,-0.1726618705035972,-0.3488372093023255,0.3684210526315789,0.5626477541371161,0.7095808383233534,-0.7164179104477614,1.1785714285714282,0.3557046979865773,0.8444444444444442,0.3164300202839757,1.7265221878224974,0.4319051649288826,-0.2696041963675115,-0.0498155285069464,-0.0881306296672455,1
11,0.8136882129277547,-0.2601351351351353,-0.1151079136690648,-0.6279069767441858,-0.1578947368421052,-0.1465721040189123,0.1766467065868265,-0.4776119402985076,0.0214285714285712,0.104026845637584,0.6074074074074071,0.0324543610547667,1.2518059855521155,0.3838652723649201,-0.5702976775055786,-0.1416886102528907,-0.2098568201081915,1
12,0.5323193916349799,-0.0912162162162163,0.1438848920863316,-0.8139534883720929,-0.4736842105263157,0.231678486997636,0.374251497005988,-0.2985074626865674,0.3642857142857141,0.3053691275167785,0.5481481481481477,0.0973630831643003,1.3343653250773997,0.2849090626251917,-0.8800768675666166,0.0260376493129157,-0.1931628792372383,1
13,1.2927756653992375,-0.0912162162162163,0.0863309352517992,-1.8837209302325577,-0.3684210526315789,0.7044917257683216,0.9311377245508984,0.5373134328358208,1.792857142857143,0.2382550335570472,0.8444444444444442,-0.0405679513184582,0.9834881320949432,0.5812333951544219,-1.8413010858355812,-0.1286050573831686,-0.0113388129045963,1
14,1.011406844106463,0.0033783783783783,0.0575539568345324,-1.7441860465116277,0.2105263157894736,0.8936170212765957,0.9011976047904194,-0.2985074626865674,2.007142857142857,0.9429530201342282,0.696296296296296,0.1784989858012172,1.802889576883385,0.3803793887614221,-1.7013483633063815,0.4144798508905367,0.0775247149319344,1
15,0.4410646387832695,-0.0371621621621622,0.9784172661870508,-0.5348837209302326,0.7368421052631579,0.4680851063829789,0.4640718562874253,-0.2388059701492539,-0.135714285714286,0.8758389261744967,0.9333333333333332,0.0811359026369169,1.3137254901960784,0.1917537921133023,-1.0182251313555015,0.2605941410174235,-0.4581561989307377,1
16,0.9505703422053222,0.0371621621621619,1.0359712230215832,0.1162790697674418,1.1578947368421053,0.42080378250591,0.601796407185629,-0.0597014925373134,0.5928571428571426,0.5067114093959733,0.3111111111111113,-0.1054766734279918,1.2518059855521155,0.4227125116459063,-0.5129253001504431,0.2862757670954556,-0.2420214449324626,1
17,0.5931558935361206,-0.1993243243243244,0.7482014388489212,0.1162790697674418,0.8947368421052632,0.5626477541371161,0.7574850299401199,0.3582089552238806,0.2357142857142854,0.6409395973154361,0.4888888888888885,-0.1703853955375253,0.9422084623323014,0.4943034630835952,-0.3685991843690935,0.2993086033090661,-0.4509944392014891,1
18,0.866920152091253,-0.1858108108108109,0.3453237410071944,-0.6976744186046511,0.5263157894736842,0.8936170212765957,1.074850299401198,-0.1194029850746269,0.4357142857142856,1.3456375838926171,0.7851851851851849,0.0324543610547667,2.0773993808049536,0.5825829720590592,-0.8727631556369404,0.646112862680065,-0.5070615270024977,1
19,0.448669201520912,0.8344594594594594,0.575539568345324,-1.0,0.9473684210526316,0.3262411347517732,0.5359281437125749,-1.0149253731343286,0.1499999999999996,0.1375838926174497,-0.0148148148148148,0.4705882352941177,0.3539731682146543,0.424538618127365,-1.2408344130831137,0.1506753221007276,-0.3788079730950799,1
20,0.7680608365019003,-0.158783783783784,-0.2302158273381296,-0.8139534883720929,1.4736842105263157,0.6099290780141845,0.6197604790419163,-0.5970149253731346,0.7785714285714285,0.3221476510067116,0.3703703703703705,0.7545638945233267,0.2198142414860681,0.2736994935520772,-0.685407990574402,0.1143721782085096,-0.1817026303519683,1
21,-0.0912547528517117,1.3074324324324322,0.8345323741007192,-0.2093023255813949,0.2105263157894736,0.0520094562647755,0.1646706586826349,-0.5373134328358211,0.6071428571428569,-0.0637583892617447,0.1925925925925926,0.6004056795131848,0.1991744066047471,0.1433128611963937,-0.6847268519886467,-0.1148362235703138,0.0919540154603562,1
22,0.5019011406844103,-0.0033783783783784,0.0,-0.6744186046511623,0.1578947368421052,0.2411347517730495,0.4461077844311378,-0.4179104477611941,0.1928571428571425,-0.2986577181208052,0.4296296296296298,0.9898580121703856,0.7461300309597523,0.3813409146516394,-0.6769974510207918,-0.3808938905470686,-0.3118183143354894,1
23,-0.1520912547528523,-0.1790540540540541,0.4604316546762592,-0.3953488372093021,-0.1578947368421052,0.1182033096926714,0.1407185628742517,-0.4776119402985076,-0.135714285714286,-0.2550335570469796,0.3703703703703705,0.6896551724137933,0.7048503611971104,0.0412551943424229,-0.661778378811876,-0.3296578799601593,-0.2615501293587791,1
24,0.3422053231939155,-0.0371621621621622,0.7194244604316544,0.1162790697674418,-0.1052631578947368,0.1654846335697398,0.284431137724551,-0.3582089552238806,0.1499999999999996,-0.3926174496644293,0.4592592592592595,0.8438133874239352,0.3539731682146543,0.2160698113020179,-0.3535583020379603,-0.4598427506972909,-0.2271846866118749,1
25,0.0,0.1249999999999997,2.474820143884892,1.2790697674418603,1.368421052631579,0.260047281323877,0.3263473053892218,0.7761194029850744,0.5214285714285711,-0.3724832214765098,0.4888888888888885,0.340770791075051,0.3230134158926728,0.1870569933338853,-0.3015455002223458,-0.4527279232126329,-0.0889038953463643,1
26,0.2585551330798475,-0.0641891891891893,0.7482014388489212,-0.7906976744186042,-0.2631578947368421,0.4680851063829789,0.4820359281437127,0.0,-0.1500000000000003,0.0369127516778524,-0.133333333333333,0.3569979716024344,1.0763673890608876,0.2159741838721165,-1.134105183909298,0.1239125144969362,-0.472810966830801,1
27,0.1901140684410644,-0.0979729729729731,-0.6330935251798552,-0.5813953488372092,-0.2105263157894736,0.0425531914893616,0.032934131736527,-0.4179104477611941,-0.292857142857143,-0.2483221476510064,0.162962962962963,-0.0081135902636915,1.262125902992776,-0.0580191360313334,-0.209004465909645,-0.25451401088616,-0.260854311331968,1
28,0.6235741444866902,0.0236486486486484,1.2661870503597117,-0.0232558139534886,0.4736842105263157,0.5626477541371161,0.5000000000000002,0.1791044776119401,0.2928571428571426,-0.0637583892617447,0.8444444444444442,0.5030425963488845,0.4984520123839009,0.1589126105020167,-0.7311629274942708,-0.3312067030648831,-0.3018654392833373,1
29,0.7376425855513292,-0.1250000000000002,-0.4316546762589924,-0.8139534883720929,-0.1052631578947368,0.2789598108747044,0.1167664670658684,-0.4776119402985076,0.6071428571428569,0.0033557046979868,0.2222222222222223,0.6572008113590264,0.7461300309597523,-0.134536067419043,-0.5711001649030114,-0.0725434826449262,0.1404687679504675,1
30,0.5171102661596951,-0.2466216216216217,0.9784172661870508,0.6976744186046511,0.1578947368421052,0.6099290780141845,0.6676646706586828,-0.2985074626865674,1.1785714285714282,0.3389261744966445,0.6666666666666663,-0.0567951318458416,1.262125902992776,0.3350578204175347,-0.008745888256923,0.0036250939752589,-0.0615756935516289,1
31,0.4030418250950561,-0.1385135135135137,0.0,-0.0930232558139531,0.4210526315789473,0.4775413711583924,0.6317365269461079,-0.7164179104477614,0.5642857142857141,0.7416107382550338,0.3703703703703705,0.0811359026369169,1.736842105263158,0.4088057675620513,-0.1322273417041994,0.4370684414124839,-0.2697167267454288,1
32,0.4790874524714816,-0.0236486486486487,0.0,-0.5348837209302326,0.3157894736842105,0.061465721040189,0.3323353293413175,0.4776119402985073,0.5928571428571426,-0.2852348993288589,0.7851851851851849,0.0730223123732254,0.653250773993808,0.4000289849271553,-0.5462526247848101,-0.4657254223298324,-0.0615167571861631,1
33,0.5399239543726223,-0.2263513513513514,0.9784172661870508,0.0,1.7894736842105263,0.5626477541371161,0.3622754491017966,0.9552238805970148,-0.292857142857143,0.2382550335570472,0.8444444444444442,0.1784989858012172,1.1589267285861713,-0.0204824966927807,-0.5801492334070616,-0.1286050573831686,-0.4736649801069476,1
34,0.3498098859315579,-0.043918918918919,0.8345323741007192,-0.1162790697674418,0.631578947368421,-0.0047281323877067,0.2365269461077844,-0.2985074626865674,-0.0214285714285716,-0.164429530201342,0.4000000000000002,0.0730223123732254,0.8699690402476781,0.3195548232693174,-0.6071022471522102,-0.2698123821869722,-0.2741705734657177,1
35,0.3269961977186306,-0.0371621621621622,0.1438848920863316,0.2325581395348837,0.1052631578947368,0.3262411347517732,0.505988023952096,-0.4776119402985076,0.4357142857142856,0.1375838926174497,0.2222222222222223,0.5598377281947265,0.5087719298245614,0.3819286704933872,0.0801652256786064,0.0356838747021822,-0.2475722285983239,1
36,0.1749049429657782,-0.1520270270270272,1.3812949640287764,-0.9302325581395348,0.631578947368421,0.231678486997636,0.3263473053892218,0.0,-0.2785714285714287,-0.0302013422818791,0.3703703703703705,0.0,0.4262125902992776,0.2141109967957172,-1.487553790130194,-0.1566926828828291,-0.4482765634011644,1
37,0.0,-0.1452702702702704,0.5467625899280572,-0.3488372093023255,0.0,0.0898345153664304,0.1766467065868265,-0.2985074626865674,-0.1642857142857146,-0.1476510067114092,0.4592592592592595,-0.2190669371196754,0.890608875128999,0.1245297169042696,-0.664179216192548,-0.2764360200249615,-0.3018655155401947,1
38,0.0152091254752848,-0.2466216216216217,-0.74820143884892,-0.9302325581395348,0.0,0.0425531914893616,0.3023952095808385,-0.3582089552238806,-0.2642857142857144,-0.3322147651006709,0.6370370370370367,-0.073022312373225,0.7151702786377709,0.3734065637892852,-0.4985205857664584,-0.4618867141395354,-0.4285382969060702,1
39,0.8897338403041816,1.4358108108108107,0.4316546762589924,-1.4651162790697674,1.5789473684210529,0.6099290780141845,0.5419161676646709,-0.8358208955223883,0.7499999999999999,0.1375838926174497,-0.222222222222222,0.6085192697768763,0.1785345717234262,0.1739922123957085,-1.5897803194854698,0.2682508279149824,-0.1442958711325756,1
40,0.3878326996197713,-0.1047297297297299,-0.1438848920863303,-0.7674418604651163,1.0,0.75177304964539,0.691616766467066,0.0,1.121428571428571,0.4832214765100672,-0.0444444444444444,0.4868154158215011,0.2507739938080495,0.2455769652181133,-0.6877513875550425,0.4714981888100726,-0.0977984012874493,1
41,0.2737642585551323,1.3344594594594592,-0.6906474820143875,-0.1627906976744184,-0.4210526315789473,0.0898345153664304,0.3263473053892218,-0.4179104477611941,-0.1071428571428574,-0.1375838926174493,-0.1629629629629627,0.1784989858012172,0.7461300309597523,0.3593192154017952,0.2661741270271975,-0.0207491434233863,-0.3712681345322787,0
42,0.631178707224334,0.0168918918918916,0.661870503597122,-1.0465116279069766,0.1578947368421052,0.8463356973995273,0.8532934131736529,-1.0149253731343286,0.2071428571428568,0.2483221476510067,-0.2518518518518516,0.6328600405679515,0.8699690402476781,0.3627871289153344,-1.315913819282021,0.392095936596988,-0.4997596507703534,1
43,0.1444866920152086,1.429054054054054,-0.2014388489208627,-0.4651162790697674,0.2631578947368421,0.2695035460992909,0.2964071856287426,-0.1194029850746269,0.1499999999999996,-0.1107382550335567,-0.4296296296296295,0.1784989858012172,0.0134158926728586,0.1345972733413764,-0.364313732628107,0.1519619055853056,-0.2355029653550134,1
44,0.0,-0.0641891891891893,-0.74820143884892,-0.5813953488372092,0.4736842105263157,0.6099290780141845,0.5179640718562876,-0.3582089552238806,0.6785714285714282,0.1174496644295303,-0.2518518518518516,0.4624746450304262,0.436532507739938,0.14331304896298,-0.1311899027551831,0.2673885261830889,-0.1572702208786134,1
45,0.8821292775665391,1.4695945945945943,0.2302158273381296,-0.1395348837209305,0.6842105263157895,0.4680851063829789,0.3083832335329342,-0.2388059701492539,-0.4357142857142859,0.1845637583892619,-0.2814814814814813,0.4462474645030428,0.8390092879256966,-0.018156269796421,-0.3108404369590313,0.3506002862968599,-0.5097864439748704,1
46,1.011406844106463,1.1655405405405403,-0.2302158273381296,-0.8139534883720929,0.2105263157894736,0.8463356973995273,0.6197604790419163,-0.4179104477611941,0.9071428571428568,0.0704697986577184,0.2222222222222223,0.5354969574036512,0.8080495356037152,0.0866746509409707,-0.685407990574402,-0.0184298039713718,-0.1328739391992583,1
47,0.6463878326996189,-0.1250000000000002,-0.6906474820143875,-0.8139534883720929,0.1578947368421052,0.7044917257683216,0.7514970059880242,-0.7761194029850749,0.8357142857142857,0.4731543624161073,-0.1629629629629627,0.4462474645030428,0.6429308565531475,0.3585620452644953,-0.4130411012147418,0.5420330374764087,-0.2353485513388837,1
48,0.7984790874524699,0.1047297297297296,0.1151079136690648,-0.1627906976744184,0.2631578947368421,0.3735224586288416,0.470059880239521,-0.1194029850746269,1.1785714285714282,0.5067114093959733,0.3111111111111113,-0.0243407707910748,0.7977296181630547,0.2855527326609,-0.2658775800741097,0.2862757670954556,0.0807608368194154,1
49,0.6768060836501886,-0.0912162162162163,-0.2589928057553952,-0.488372093023256,0.5263157894736842,0.4964539007092198,0.8413173652694612,-0.1194029850746269,0.7499999999999999,1.412751677852349,0.4592592592592595,0.2596348884381341,1.2105263157894737,0.670611131181972,-0.3523433305116294,0.8918397301480961,-0.3105024465143284,1
50,0.0,-0.0912162162162163,-0.9208633093525171,-1.651162790697674,-0.3157894736842105,0.3451536643026007,0.6796407185628744,-1.0149253731343286,1.9357142857142855,0.8422818791946309,0.4592592592592595,0.1054766734279921,0.9834881320949432,0.608576002426752,-1.168358933861395,0.4647281655686986,0.2094744320878844,1
51,0.5931558935361206,-0.1452702702702704,0.6906474820143889,-0.5348837209302326,-0.2105263157894736,0.0898345153664304,0.5119760479041919,-0.7164179104477614,1.0499999999999998,0.3053691275167785,0.8148148148148145,0.4787018255578096,1.2208462332301342,0.6504581935387262,-0.8922234165281817,-0.0734160868298562,-0.003825412940213,1
52,0.5855513307984782,-0.0777027027027028,0.1726618705035972,-1.2790697674418603,0.6842105263157895,1.442080378250591,0.9610778443113775,-0.1194029850746269,0.4499999999999999,0.7919463087248322,0.1333333333333334,0.3894523326572008,1.066047471620227,0.0602897073506639,-1.3191958362360412,0.6199508145799427,-0.4611112106046766,1
53,0.5475285171102647,0.0236486486486484,0.9208633093525184,-0.5581395348837205,0.8947368421052632,0.6099290780141845,0.3922155688622756,0.2985074626865671,0.1785714285714282,0.540268456375839,0.4888888888888885,0.1217038539553755,1.4478844169246643,-0.0177525590588459,-1.012965955407336,0.2246029880916787,-0.2854271824574887,1
54,0.5247148288973376,-0.1317567567567569,-0.3165467625899276,-0.7209302325581397,1.0526315789473684,0.231678486997636,0.4580838323353294,-0.7761194029850749,0.0928571428571427,0.3892617449664429,-0.133333333333333,0.340770791075051,0.7977296181630547,0.4088056778267719,-0.5458653103576294,0.4450653933029594,-0.3602921933369802,1
55,0.3878326996197713,-0.0912162162162163,0.287769784172662,0.2325581395348837,0.9473684210526316,0.5721040189125296,0.3862275449101797,-0.8358208955223883,1.2785714285714287,0.5234899328859062,0.0444444444444444,0.2028397565922921,0.9215686274509804,0.0033911789780585,-0.0087460431087147,0.4503712454212387,0.1946607353768099,1
56,0.8897338403041816,-0.1114864864864866,-0.1726618705035972,-0.7441860465116276,1.0526315789473684,0.7990543735224589,0.5179640718562876,-0.4776119402985076,0.6785714285714282,0.5671140939597316,-0.0740740740740741,0.4300202839756594,0.6119711042311662,-0.0004954846877694,-0.6497116145273041,0.5656523238807314,-0.1572702208786134,1
57,0.1825095057034207,0.0709459459459457,0.9208633093525184,-0.6279069767441858,0.2105263157894736,0.6099290780141845,0.6556886227544911,-0.1791044776119404,0.1499999999999996,0.4395973154362417,0.3111111111111113,0.0486815415821501,1.2311661506707947,0.3197182387011701,-1.0705327101700668,0.2336792929480713,-0.437150418447478,1
58,0.5095057034220527,-0.2939189189189191,0.4028776978417268,-0.6511627906976745,0.5263157894736842,0.988179669030733,0.9191616766467068,-0.8955223880597017,0.6928571428571427,0.7080536912751678,-0.222222222222222,0.0730223123732254,1.262125902992776,0.3260346344533207,-0.8589941676262711,0.8057394143777951,-0.3650430154463608,1
59,-0.5171102661596965,-0.6250000000000002,-2.877697841726617,-2.069767441860465,-0.5263157894736842,-0.3546099290780142,-0.937125748502994,-0.3582089552238806,-1.621428571428572,-0.9194630872483218,0.251851851851852,-0.7789046653144015,-0.3168214654282765,-1.4952332935743435,-0.2860460331580614,-0.8216314012118564,-0.0537789939855782,0
60,-0.5475285171102661,-0.516891891891892,-0.2302158273381296,-0.8139534883720929,0.1578947368421052,-0.2884160756501184,-0.6257485029940119,1.7313432835820897,-1.635714285714286,-0.4765100671140937,0.8444444444444442,-0.9006085192697768,0.0134158926728586,-0.9341992215610456,-0.685407990574402,-0.6080956188298927,-0.674121206908464,0
61,-0.3117870722433458,-0.3412162162162163,-0.9784172661870496,-0.6279069767441858,0.1052631578947368,-0.3167848699763593,-0.434131736526946,1.1343283582089554,-1.335714285714286,0.3557046979865773,0.0444444444444444,-0.9655172413793102,-0.4613003095975232,-0.5515246994064944,-0.0172326098084756,0.3068043512696631,-0.5647907524967284,0
62,0.4714828897338392,-0.4155405405405407,-1.2661870503597117,-0.3488372093023255,-0.2105263157894736,-0.2411347517730495,-0.2065868263473052,-0.1194029850746269,-1.1785714285714288,-0.2986577181208052,0.7851851851851849,-0.2596348884381337,-0.0897832817337461,-0.196349397795682,0.5269440224073088,-0.4748763547167451,-0.6196455436169929,0
63,-0.5171102661596965,-0.4966216216216218,-0.5755395683453227,-0.1162790697674418,-0.5789473684210527,1.0827423167848702,0.5778443113772457,-0.8955223880597017,0.4499999999999999,-0.0805369127516776,0.7555555555555553,0.0730223123732254,-0.5232198142414861,-0.1196511119855321,0.2293384200364013,-0.3178291100393745,-0.2835778388889674,0
64,-0.6692015209125475,-0.2804054054054056,0.4892086330935248,-0.1162790697674418,0.3157894736842105,-0.4397163120567377,-0.2305389221556885,0.6567164179104478,-0.7500000000000002,-0.5838926174496641,1.4370370370370364,-0.4462474645030425,-0.6573787409700722,-0.0271271649668055,-0.4322168429299622,-0.7717293752365385,-0.3087814958319524,0
65,-0.5171102661596965,-0.4425675675675677,0.575539568345324,-0.3255813953488368,0.0,0.061465721040189,0.3083832335329342,0.1791044776119401,0.7499999999999999,-0.0302013422818791,0.6666666666666663,-0.3894523326572008,0.0092879256965944,0.3619969671811502,-0.6582708581476154,-0.2564843846201071,0.0288850920388437,1
66,0.0456273764258544,-0.5777027027027029,-1.8992805755395676,-1.0465116279069766,-1.0526315789473684,0.591016548463357,0.6257485029940122,-0.4776119402985076,1.0357142857142854,0.2046979865771812,0.4592592592592595,0.3245436105476676,-0.3539731682146543,0.2977383627622597,0.2433428342522066,-0.0126318183729809,-0.0879351635189084,0
67,-0.5171102661596965,-0.4695945945945948,-1.2661870503597117,0.0232558139534886,-1.0526315789473684,-0.231678486997636,-0.0808383233532932,-0.4179104477611941,-0.735714285714286,-0.0033557046979865,0.4592592592592595,0.5679513184584181,-0.3374613003095975,0.0233586672830197,0.9554964667886666,-0.1684019183960553,-0.426714316776905,0
68,0.2205323193916341,-0.6250000000000002,0.0,-0.5813953488372092,0.631578947368421,0.1654846335697398,-0.4999999999999999,1.2537313432835824,-1.621428571428572,-0.5100671140939596,0.162962962962963,-0.689655172413793,0.1578947368421052,-0.9753245051461576,-0.5898342335301373,-0.4696954584958032,-0.7653935444220465,0
69,-0.6387832699619764,-0.4560810810810812,-1.7553956834532365,-0.6279069767441858,2.789473684210526,-0.4775413711583924,-0.5119760479041915,-1.1940298507462688,1.35,-0.6174496644295299,0.9333333333333332,0.2352941176470588,0.0918472652218782,-0.5656247061804935,0.6426529326055647,-0.7176798826242764,2.038051495692716,0
70,-0.5779467680608371,-0.1722972972972973,-0.4316546762589924,0.2093023255813949,0.2631578947368421,-1.1867612293144207,-0.6676646706586825,0.1791044776119401,-0.135714285714286,-0.5503355704697984,-0.1748148148148145,-0.7789046653144015,0.4055727554179567,-0.0240290709214222,0.4527718083914757,-0.3969270487932234,1.1407128563159137,0
71,0.6159695817490478,-0.239864864864865,0.8920863309352516,1.2790697674418603,-0.631578947368421,0.5626477541371161,0.4341317365269462,-0.7761194029850749,0.4499999999999999,-0.4395973154362414,1.1703703703703705,0.3083164300202842,-0.543859649122807,0.0731149505392874,0.5209257318720776,-0.6448750553354509,-0.1965182118446772,0
72,0.334600760456273,-0.1385135135135137,-0.3453237410071931,1.0465116279069766,-0.5789473684210527,-0.4491725768321514,-0.1766467065868261,-0.4179104477611941,-0.7500000000000002,-0.3187919463087245,0.0444444444444444,0.0,-0.4158926728586171,0.0943564899005512,1.2156894322729963,-0.2703345632196702,-0.358294052361809,0
73,-0.0456273764258558,-0.1317567567567569,0.6906474820143889,2.4418604651162785,2.1578947368421053,0.8936170212765957,0.4520958083832337,-0.7761194029850749,0.5785714285714283,-0.4496644295302011,1.022222222222222,0.5841784989858014,0.6429308565531475,-0.1425609128703975,1.639532907456774,-0.6246267869625458,-0.1546319344971382,0
74,-0.8288973384030409,-0.5236486486486488,-0.1726618705035972,0.3488372093023255,0.1578947368421052,0.9692671394799056,0.0029940119760481,-1.2537313432835824,0.1357142857142853,-0.4966442953020132,0.0740740740740741,0.283975659229209,0.4385964912280701,-0.7008177246213433,0.4011736003850642,-0.4318255571763453,0.0050174748206713,0
75,-1.0570342205323189,0.0101351351351349,-1.2661870503597117,-0.8139534883720929,-0.0526315789473684,-0.7044917257683215,-0.338323353293413,0.0,-0.578571428571429,-0.2986577181208052,0.7851851851851849,-0.5192697768762675,-0.5067079463364293,0.0861462601980794,-0.0087465330693884,-0.4748763547167451,-0.0612727532056563,0
76,-0.0152091254752861,-0.6520270270270272,-1.8705035971223007,-0.8139534883720929,-0.631578947368421,-0.3829787234042554,-0.0628742514970059,-0.5970149253731346,-0.135714285714286,-0.0302013422818791,0.6666666666666663,-0.2434077079107503,-0.5810113519091847,0.2377100449781919,0.517545634713467,-0.2564843846201071,-0.0840989194911397,0
77,-0.9201520912547526,0.6925675675675675,-0.37410071942446,-0.3488372093023255,0.7368421052631579,-0.6004728132387708,-0.4880239520958082,0.5373134328358208,-0.8642857142857147,-0.6845637583892615,-0.0148148148148148,-0.2109533468559836,-0.3581011351909184,-0.3917890768536479,-0.1432694213445046,-0.5674582310868699,-0.0832648650432113,0
78,-0.5475285171102661,-0.5912162162162163,-1.179856115107913,-1.0930232558139532,2.0,-0.430260047281324,-0.1706586826347303,0.0597014925373131,1.721428571428571,-0.4328859060402683,0.2814814814814816,-0.3813387423935089,0.1578947368421052,0.0827616361486284,-0.3911471444731239,-0.4416395953360558,1.2447984107702816,0
79,-0.2661596958174913,1.3547297297297296,0.1151079136690648,0.8139534883720929,0.1578947368421052,0.4491725768321514,0.2485029940119761,0.5373134328358208,0.5642857142857141,-0.7114093959731541,0.6666666666666663,0.283975659229209,-0.434468524251806,-0.0843415621936566,0.6340826468725489,-0.7365046042097367,-0.0058556147215554,0
80,-0.7984790874524712,-0.6385135135135136,-1.0359712230215818,-0.1162790697674418,-0.631578947368421,0.061465721040189,0.0748502994011976,-0.2388059701492539,-0.1785714285714289,-0.7348993288590602,1.229629629629629,0.2758620689655175,-0.8163054695562435,-0.0088152058423976,0.5912269908456661,-0.834448272480316,-0.2328120524846482,0
81,-0.2509505703422051,-0.0371621621621622,-0.4604316546762579,-0.1627906976744184,-0.631578947368421,-0.1465721040189123,0.2365269461077844,-0.4776119402985076,0.3071428571428569,-0.2651006711409394,0.5777777777777774,0.2920892494929009,0.0835913312693498,0.4884533168446152,0.1003398349915055,-0.3981584550424712,-0.117820130433219,0
82,-0.7376425855513306,-0.4966216216216218,0.4316546762589924,1.0465116279069766,-1.0526315789473684,-0.3356973995271868,-0.3323353293413172,0.3582089552238806,-0.2214285714285718,-0.8355704697986573,1.022222222222222,-0.0486815415821497,-0.0897832817337461,-0.3398840780590851,0.6229847638397534,-0.8716495828394251,0.2028829202686496,0
83,0.0,1.3479729729729728,-0.1151079136690648,0.6976744186046511,-0.6842105263157895,-0.6666666666666669,-0.3263473053892214,1.611940298507463,0.0928571428571427,0.0369127516778524,-0.3703703703703702,-0.6247464503042597,-0.327141382868937,0.0596419985285925,0.6931932633546056,0.2637340095637652,0.4312657985914138,3
84,-0.9201520912547526,-0.6587837837837839,0.6330935251798564,-0.3488372093023255,-0.2105263157894736,-0.1465721040189123,0.0449101796407186,-0.7164179104477614,1.1357142857142857,-0.5503355704697984,-0.5185185185185182,0.2434077079107507,-0.3168214654282765,0.1537715745095902,-0.7063895691423001,-0.2578317889253158,0.5077660939183876,0
85,-0.2889733840304185,-0.5979729729729731,-0.3453237410071931,-0.3488372093023255,0.0526315789473684,-0.1465721040189123,-0.1167664670658681,-0.2388059701492539,-0.135714285714286,-0.6946308724832212,0.7851851851851849,0.3083164300202842,-0.4613003095975232,-0.1286161455855871,-0.1618006700159943,-0.7448288601306708,-0.0267151421641353,0
86,-0.6768060836501899,-0.1722972972972973,-0.1438848920863303,0.7674418604651163,-0.4210526315789473,-0.5437352245862884,-0.2664670658682634,0.5373134328358208,0.0071428571428569,-0.751677852348993,1.0814814814814813,-0.4219066937119676,-0.3684210526315789,0.0269730256070821,0.7815714080970744,-0.8258627428708548,0.2665192754991101,0
87,-1.0646387832699613,-0.1317567567567569,0.7482014388489212,1.511627906976744,-0.5263157894736842,-0.4113475177304965,-0.3143712574850297,0.3582089552238806,-0.3071428571428573,-0.7013422818791943,1.1703703703703705,0.3488843813387425,-0.2301341589267286,-0.2281928074984864,0.8091023533850684,-0.8062611805980672,0.1103929258437786,0
88,-1.0722433460076035,0.1317567567567566,0.287769784172662,0.488372093023256,-0.7368421052631579,-0.3829787234042554,-0.2664670658682634,0.8358208955223879,-0.292857142857143,-0.6342281879194629,0.1037037037037037,-0.0243407707910748,0.0134158926728586,-0.1634789432876972,0.221208953337709,-0.5563198002901326,0.0528095403215423,0
89,-0.7376425855513306,-0.3614864864864865,-0.1726618705035972,0.9534883720930234,-1.4736842105263157,-0.1465721040189123,-0.3263473053892214,0.4776119402985073,-0.2500000000000004,-0.98993288590604,0.3111111111111113,0.3488843813387425,-0.1001031991744066,-0.4946743012645205,0.9825143575706295,-0.8866256063912124,0.1716651236521616,0
90,-0.7376425855513306,-0.0236486486486487,-0.1151079136690648,-0.2325581395348837,-0.8947368421052632,-0.7139479905437353,-0.3802395209580837,1.0746268656716418,0.121428571428571,-0.7684563758389259,0.3407407407407409,-0.4137931034482757,-0.3993808049535604,-0.000496158790074,-0.1934670460209626,-0.7189012889767322,0.5593353939373072,0
91,-0.7984790874524712,-0.239864864864865,0.1726618705035972,0.5813953488372092,-0.631578947368421,-0.855791962174941,-0.529940119760479,0.9552238805970148,0.1071428571428567,-0.3657718120805366,0.251851851851852,-0.1054766734279918,-0.4613003095975232,-0.1740583140252737,0.380847101276486,-0.3794453371443499,0.9216510898967832,0
92,-0.2737642585551337,-0.2263513513513514,-0.287769784172662,0.2790697674418602,-0.9473684210526316,-0.9219858156028372,-0.404191616766467,1.432835820895522,0.0928571428571427,-0.5503355704697984,-0.0148148148148148,-0.5841784989858011,-0.3684210526315789,0.2766997635005644,0.4160137808804922,-0.4502119366888947,0.5872928097093472,0
93,-0.5779467680608371,0.652027027027027,-0.4028776978417255,-0.3488372093023255,-0.5263157894736842,0.0898345153664304,0.0688622754491019,-0.5373134328358211,0.6214285714285712,-0.8523489932885904,0.5481481481481477,0.4219066937119676,-0.7915376676986584,-0.0445187220139486,-0.1245712245619873,-0.8181358156358304,0.2000772559232909,0
94,-1.0874524714828897,0.0844594594594593,-0.2302158273381296,-0.3488372093023255,0.0,0.628841607565012,0.0748502994011976,-1.0149253731343286,-0.292857142857143,-0.4832214765100668,0.5777777777777774,0.1460446247464504,-0.6780185758513931,-0.4357307603702165,-0.2343001172858314,-0.5558345344476352,-0.2936918681357747,0
95,-0.4410646387832695,-0.2331081081081082,-0.4604316546762579,-0.1162790697674418,3.3684210526315788,0.1371158392434988,0.0808383233532935,-0.1194029850746269,2.464285714285714,-0.7013422818791943,0.5777777777777774,-0.1217038539553751,0.543859649122807,-0.0683733180061945,0.1470910138412346,-0.7135106138527991,1.1640377754515958,1
96,-0.94296577946768,0.1722972972972972,1.0935251798561156,0.4651162790697674,1.894736842105263,-0.7139479905437353,-0.68562874251497,-1.1940298507462688,0.0071428571428569,-0.7348993288590602,-0.0444444444444444,-0.4219066937119676,-0.1001031991744066,-0.7339196956886186,-0.2589955066504736,-0.6037120276057846,1.3890339223765902,0
97,-0.5779467680608371,-0.3074324324324326,-1.0935251798561143,-0.8139534883720929,-0.6842105263157895,0.1843971631205672,0.2185628742514971,-0.2985074626865674,0.3071428571428569,-0.6006711409395971,0.7851851851851849,-0.0324543610547664,-0.5067079463364293,0.0981964994548523,-0.1386108445666127,-0.6807723334222817,-0.1033815126868824,0
98,-0.5171102661596965,-0.5371621621621623,-0.74820143884892,-0.2325581395348837,-0.5263157894736842,1.1016548463356977,0.9670658682634732,-0.5970149253731346,0.5642857142857141,-0.0637583892617447,0.2222222222222223,-0.0081135902636915,-0.0278637770897832,0.2936585018332732,0.2361407802560911,-0.1266571613184809,-0.4267141081012578,0
99,-0.5779467680608371,0.8817567567567566,-0.4316546762589924,-0.3488372093023255,-0.5263157894736842,0.4680851063829789,0.5119760479041919,0.6567164179104478,1.792857142857143,-0.8020134228187917,1.3481481481481474,0.0405679513184586,-0.5521155830753354,0.2563415034701402,-0.1057038134055168,-0.8884404501575859,0.2952798006145154,0
100,-0.7376425855513306,0.1452702702702701,-1.8992805755395676,-0.4651162790697674,-0.0526315789473684,-0.1182033096926714,0.0209580838323354,-0.4776119402985076,-0.2214285714285718,-0.466442953020134,0.9037037037037036,0.1460446247464504,0.0753353973168214,0.0814041654961469,0.9996118027747354,-0.6130410041191523,-0.2114550407438751,0
101,-0.3422053231939168,-0.3547297297297298,-1.323741007194244,-0.2325581395348837,-0.5263157894736842,-0.855791962174941,-0.464071856287425,-0.2985074626865674,-0.292857142857143,-0.751677852348993,0.2222222222222223,-0.0081135902636915,-0.2301341589267286,0.0004954846877696,0.7130259773837841,-0.6813223677224134,0.3861695438789852,0
102,-0.5399239543726237,0.3952702702702702,0.287769784172662,0.3488372093023255,0.0,0.1938534278959811,-0.0149700598802394,0.0,-0.3500000000000002,-0.6342281879194629,-0.4888888888888885,0.4868154158215011,-0.4860681114551083,-0.2611486869761785,0.0957789552760237,-0.3593462637112229,-0.2532616450025944,0
103,-0.9353612167300376,-0.0979729729729731,-1.3812949640287764,0.0,-0.631578947368421,0.1371158392434988,-0.2964071856287424,0.1791044776119401,-0.1928571428571432,-0.8825503355704695,-0.0740740740740741,-0.2758620689655171,-0.5335397316821465,-0.6482094682290376,1.0398391759875305,-0.727549328647495,0.1681035575803399,0
104,-0.4106463878326999,-0.0912162162162163,-1.0935251798561143,0.2325581395348837,-0.6842105263157895,-0.1465721040189123,-0.1287425149700598,-0.1194029850746269,-0.1071428571428574,-0.5872483221476508,0.2222222222222223,0.640973630831643,-0.0030959752321981,-0.149533754481526,1.0301685676473618,-0.5487438549722052,0.0046825411519298,0
105,-0.479087452471483,0.4628378378378376,-0.2589928057553952,0.5813953488372092,-0.4210526315789473,-0.6382978723404257,-0.1766467065868261,1.91044776119403,-0.1928571428571432,-0.6677852348993285,-0.3111111111111109,0.4219066937119676,-0.739938080495356,0.3624492706063043,0.6897754725520572,-0.4607778434801085,0.0062403504593789,0
106,-0.6083650190114068,-0.0912162162162163,-0.6906474820143875,-0.1162790697674418,-0.9473684210526316,-0.6666666666666669,-0.0628742514970059,0.1791044776119401,0.1071428571428567,-0.4328859060402683,0.1037037037037037,0.3164300202839757,-0.3374613003095975,0.6732250998423771,0.3146895004730504,-0.3874851293222778,0.0599283218915707,0
107,-0.2509505703422051,-0.0777027027027028,-0.2302158273381296,0.6976744186046511,-0.7368421052631579,-0.9219858156028372,-0.2245508982035927,0.8358208955223879,0.1071428571428567,-0.466442953020134,-0.2518518518518516,-0.2920892494929005,-0.3828689370485036,0.7769033193893805,0.7806925976134517,-0.2889983818173846,0.2717811057069371,0
108,-0.631178707224334,-0.3885135135135136,-1.2086330935251792,-0.1162790697674418,-0.3157894736842105,0.0047281323877067,-0.05688622754491,0.2985074626865671,0.7499999999999999,-0.6677852348993285,-0.3111111111111109,0.1947261663286006,-0.7461300309597523,-0.1686786233648758,0.7423247882507801,-0.4607778434801085,0.4325385942014907,0
109,-1.095057034220532,-0.3479729729729731,0.9784172661870508,0.1162790697674418,-0.2105263157894736,0.3640661938534281,0.470059880239521,-0.2985074626865674,1.335714285714286,-0.6845637583892615,-0.0148148148148148,0.3894523326572008,0.0134158926728586,0.2944694335714201,-0.484915342548705,-0.5674582310868699,0.1455498936881024,0
110,-1.20912547528517,1.266891891891892,-1.5539568345323729,0.0,0.4736842105263157,0.7801418439716314,0.2664670658682636,-0.5970149253731346,2.892857142857143,-0.6006711409395971,-0.6370370370370367,0.0243407707910752,-0.2301341589267286,-0.2908260209945482,1.2156888646262891,-0.2561696368064597,1.0654265504193443,0
111,-0.4030418250950575,0.3817567567567567,-0.5467625899280572,0.3488372093023255,-0.5263157894736842,0.1843971631205672,0.0808383233532935,-0.4776119402985076,-0.4785714285714288,-0.902684563758389,-0.1925925925925923,0.0,-0.7192982456140351,-0.1093390056762283,0.6824673855238003,-0.7189014047754263,-0.3967115103295845,0
112,-0.9809885931558932,0.5506756756756757,1.611510791366906,0.1162790697674418,0.2631578947368421,-0.5721040189125296,-0.0628742514970059,1.552238805970149,-0.7214285714285716,-0.2986577181208052,0.7851851851851849,-0.227180527383367,-0.1372549019607843,0.511462374659131,-0.7719214906813722,-0.4748763547167451,-0.4314587369435592,0
113,-1.2471482889733831,-0.7601351351351353,0.4028776978417268,0.3488372093023255,-0.5263157894736842,0.1182033096926714,-0.0748502994011976,0.4776119402985073,-0.1642857142857146,-0.5402684563758386,0.4000000000000002,-0.3813387423935089,-0.4943240454076367,-0.2927518035564277,0.0255381844577881,-0.5563197286633677,-0.0889040485968927,0
114,-0.7376425855513306,-0.3209459459459461,0.4028776978417268,0.6976744186046511,-0.7368421052631579,0.1938534278959811,0.0928143712574851,0.5373134328358208,-0.735714285714286,-0.6006711409395971,-0.1037037037037034,0.3326572008113592,-0.5954592363261094,-0.0993640453303067,0.334095981696413,-0.4667588222375067,-0.5399693274676308,0
115,-1.536121673003802,-0.239864864864865,-0.4604316546762579,0.4651162790697674,-0.6842105263157895,0.0992907801418439,0.0209580838323354,1.0746268656716418,0.6499999999999995,-0.9362416107382548,2.2074074074074064,0.0730223123732254,-0.5500515995872033,-0.1279358006328095,0.7314807494628395,-1.0315580035683456,0.2720064357331556,0
116,-0.9353612167300376,-0.266891891891892,-1.064748201438848,0.3023255813953489,-0.631578947368421,-0.3546099290780142,-0.3203592814371255,-0.2388059701492539,-0.0357142857142859,-0.9194630872483218,-0.0444444444444444,0.4462474645030428,-0.3684210526315789,-0.2982812894254797,1.0809396802676914,-0.7666226664566721,0.3235720875617446,0
117,-0.479087452471483,-0.1722972972972973,-0.4892086330935248,0.6976744186046511,0.5263157894736842,-0.3356973995271868,-0.026946107784431,0.0,0.0785714285714284,-0.8825503355704695,0.2814814814814816,0.1460446247464504,-0.6780185758513931,0.2468548248020673,0.989252649277664,-0.7973604631078542,0.003825412940213,0
118,-0.212927756653993,1.0574324324324325,-1.0935251798561143,-0.8139534883720929,-0.9473684210526316,-0.6855791962174943,-0.529940119760479,0.5373134328358208,-1.035714285714286,-0.4328859060402683,-0.7851851851851849,-0.5354969574036509,-0.6222910216718266,-0.3931022661479733,-0.1386108445666127,0.0225413429904089,-0.1790555835487724,0
119,-0.7984790874524712,1.0574324324324325,-1.0359712230215818,-0.1162790697674418,-0.5789473684210527,-0.3356973995271868,-0.2964071856287424,0.1791044776119401,0.4499999999999999,-1.1442953020134223,-0.1037037037037034,0.2190669371196754,-0.2260061919504644,-0.270855971840126,0.5912269908456661,-0.9569239591210364,0.640014854533153,0
120,-1.2167300380228137,0.3614864864864863,0.1726618705035972,0.1162790697674418,-0.1052631578947368,0.5153664302600472,0.3922155688622756,-0.1194029850746269,0.3928571428571427,-0.4832214765100668,-0.4888888888888885,0.4949290060851929,-0.1001031991744066,0.0560360930634406,-0.0441636331016458,-0.2010637992494355,-0.1929618632797165,0
121,-1.1330798479087445,0.1249999999999997,2.5035971223021574,2.093023255813953,1.105263157894737,0.7801418439716314,1.763473053892216,0.7761194029850744,0.4499999999999999,0.4395973154362417,-0.1037037037037034,0.7383367139959434,-0.4303405572755417,1.518086951386389,0.2433440986024122,0.471211501428507,-0.6879424479415929,1
122,-0.479087452471483,1.733108108108108,1.0647482014388487,1.6279069767441858,0.2105263157894736,-0.1465721040189123,-0.0029940119760478,0.5373134328358208,0.2214285714285711,-0.8758389261744963,-0.133333333333333,0.2758620689655175,-0.6367389060887513,0.070101138925834,0.6976593664491555,-0.7080263715529521,0.059689700565736,0
123,0.0,2.658783783783784,-0.661870503597122,0.4651162790697674,-0.631578947368421,0.2505910165484635,0.3083832335329342,-0.2388059701492539,0.6499999999999995,-0.7013422818791943,-0.696296296296296,0.2596348884381341,-0.6057791537667698,0.1696595462662094,0.8966462216124808,-0.3420003603368698,-0.0165450375044817,0
124,-0.8973384030418253,1.6520270270270263,0.0863309352517992,0.3488372093023255,-0.8421052631578947,0.4775413711583924,0.5359281437125749,-0.7761194029850749,1.9357142857142855,-0.6342281879194629,-0.6370370370370367,0.6977687626774851,-0.6057791537667698,0.2800820070076326,0.2243577697832679,-0.2936884400708388,0.3307031595505952,0
125,-0.745247148288973,0.1993243243243243,-0.5467625899280572,0.3488372093023255,-0.6842105263157895,0.231678486997636,0.3083832335329342,0.1791044776119401,-0.292857142857143,-0.6476510067114092,-0.3111111111111109,0.4056795131845842,-0.6099071207430341,0.1875617221096643,0.6824673855238003,-0.4411459081913677,-0.444886258912977,0
126,-0.4714828897338406,-0.2263513513513514,-0.2014388489208627,0.4651162790697674,-0.631578947368421,0.3640661938534281,0.6077844311377246,0.2985074626865671,0.3071428571428569,-0.2516778523489931,-0.8148148148148145,0.0486815415821501,-0.6635706914344686,0.4876137957887186,0.5339622089158604,0.2625684133380053,-0.3546440389416597,0
127,-0.958174904942966,0.1790540540540538,1.2086330935251792,2.093023255813953,-0.3157894736842105,-0.2127659574468086,0.0628742514970062,1.432835820895522,0.2928571428571426,-0.5671140939597313,0.0148148148148148,-0.2758620689655171,-0.4282765737874097,0.2621404652017081,0.9778498717904148,-0.4739331492767059,0.0302757169548051,0
128,-0.5171102661596965,-0.158783783783784,-0.1726618705035972,1.1627906976744184,-0.5263157894736842,-0.1276595744680849,0.1886227544910182,0.3582089552238806,0.4928571428571425,-0.86241610738255,-0.222222222222222,0.0,-0.6842105263157895,0.3816981431030607,1.1837476965964029,-0.6739350471786535,0.0127262293656904,0
129,-0.7680608365019016,1.64527027027027,0.0575539568345324,0.5813953488372092,-0.9473684210526316,-0.2411347517730495,-0.2305389221556885,0.4776119402985073,-0.292857142857143,-0.7013422818791943,-0.5185185185185182,-0.1703853955375253,-0.1929824561403508,-0.2401767678671011,0.4594204813407716,-0.4181178263504509,0.0057061970353358,0
130,-0.1444866920152099,-0.3479729729729731,-0.1151079136690648,-0.3488372093023255,1.263157894736842,-0.7990543735224587,-0.529940119760479,-0.7761194029850749,-0.8785714285714289,-0.197986577181208,-0.6074074074074071,-1.208924949290061,-0.0897832817337461,-0.2528754496880873,-0.3042995846929083,0.173815621973965,-0.0277084159500085,0
131,-0.1292775665399237,0.7601351351351352,0.1151079136690648,0.1162790697674418,0.3157894736842105,-0.9976359338061466,-0.5479041916167664,-0.5970149253731346,-1.035714285714286,0.2382550335570472,-0.6666666666666663,-1.103448275862069,-0.2961816305469556,0.0017159687921609,-0.0087460866607786,0.7091789939708781,-0.1509740531147867,3
132,-0.182509505703422,0.3006756756756755,0.1151079136690648,1.0465116279069766,0.0,-1.1394799054373523,-0.6257485029940119,-0.4179104477611941,-1.035714285714286,0.3389261744966445,-0.9037037037037032,-1.152129817444219,-0.2342621259029927,0.0232629791131862,0.848358891383658,1.0859798381162795,-0.0114251797308289,3
133,-0.2661596958174913,1.1385135135135132,0.0,0.4651162790697674,0.4210526315789473,-0.6193853427895982,-0.559880239520958,-1.0149253731343286,-1.0214285714285718,0.104026845637584,-0.5481481481481477,-1.208924949290061,-0.1517027863777089,-0.5334336172387942,0.3907519632397287,0.4595737795081736,-0.1171408732973571,3
134,-0.4106463878326999,-0.4222972972972974,-0.3165467625899276,-0.4651162790697674,-0.6842105263157895,-0.3356973995271868,-0.931137724550898,1.552238805970149,-0.4357142857142859,0.25503355704698,-0.6370370370370367,-1.0304259634888435,-0.0485036119711042,-1.4903525150417376,-0.2944478571150764,0.7005598464352087,2.385540095938834,3
135,-0.3422053231939168,0.4020270270270268,-0.4604316546762579,-0.2325581395348837,-0.2105263157894736,-0.6950354609929078,-0.8832335329341315,1.7313432835820897,-0.8785714285714289,0.808724832214765,-0.696296296296296,-0.973630831643002,0.04437564499484,-1.2202055920054702,0.0302130667169134,1.392601782014912,1.128448773760509,3
136,-0.6083650190114068,1.9290540540540535,0.5179856115107916,0.3488372093023255,-0.4736842105263157,-0.9219858156028372,-0.997005988023952,1.1343283582089554,-1.0785714285714287,-0.2818791946308722,-0.6370370370370367,-1.225152129817444,0.0959752321981424,-1.37397197093253,-0.0424902794891281,0.1002589942051422,1.606368721700696,3
137,-0.3954372623574151,2.4628378378378377,0.8057553956834537,1.2790697674418603,-0.1052631578947368,-0.5342789598108747,-0.9191616766467064,1.7313432835820897,-0.6500000000000001,0.104026845637584,-0.4296296296296295,-0.8843813387423934,-0.327141382868937,-1.3863604970969643,0.5756438555631853,0.3715841935939307,1.83202450173974,3
138,0.334600760456273,1.1655405405405403,-0.4892086330935248,0.0,-0.5263157894736842,-0.6950354609929078,-0.9910179640718562,1.432835820895522,-0.9642857142857144,0.3389261744966445,-0.4592592592592588,-0.7789046653144015,-0.1929824561403508,-1.4758652146835265,0.2847828324562469,0.6359443252731349,1.8320231879661188,3
139,-0.1596958174904948,0.7398648648648647,0.7194244604316544,1.0465116279069766,0.1578947368421052,-0.0330969267139481,-0.9191616766467064,1.1343283582089554,-1.0642857142857145,0.0771812080536914,-0.222222222222222,-0.511156186612576,-0.1723426212590299,-1.5625542862544677,0.4345842329310403,0.211340271701273,1.000762369824649,3
140,-0.0912547528517117,0.6385135135135134,0.9784172661870508,0.3488372093023255,-0.1052631578947368,-0.7706855791962175,-0.9790419161676646,1.1343283582089554,-1.1500000000000004,-0.0302013422818791,-0.5777777777777774,-0.3813387423935089,-0.1517027863777089,-1.4105668934530031,-0.2944475608319923,0.3368224158624975,1.2587394129081568,3
141,0.2357414448669189,0.4695945945945945,-0.0287769784172655,0.1162790697674418,-0.4736842105263157,-0.9030732860520096,-0.9790419161676646,0.1791044776119401,-1.3071428571428574,0.3053691275167785,-0.7851851851851849,-0.2515212981744419,0.2198142414860681,-1.3358612153103346,0.082435255181675,0.9069130499964388,0.8803719479518418,3
142,0.3574144486692003,0.8817567567567566,1.0359712230215832,0.9302325581395348,-0.0526315789473684,-0.7612293144208038,-0.967065868263473,0.9552238805970148,-1.435714285714286,-0.1140939597315435,-0.222222222222222,-0.5841784989858011,-0.3168214654282765,-1.3856971112152574,0.1488101932777478,0.0311235103578593,0.4980357334315053,3
143,0.4334600760456258,2.08445945945946,-0.0287769784172655,0.1162790697674418,-0.3157894736842105,-0.3356973995271868,-0.7994011976047903,0.7761194029850744,-0.7642857142857146,-0.0973154362416104,-0.1629629629629627,-0.592292089249493,-0.2549019607843137,-1.237249458905554,0.082435255181675,0.0163573739985782,0.8717743319911806,3
144,-0.6083650190114068,1.3614864864864862,-0.4604316546762579,-0.2325581395348837,0.7368421052631579,-0.9219858156028372,-0.8113772455089819,-0.2985074626865674,-0.5928571428571433,1.1812080536912757,-0.9333333333333328,-0.6328600405679512,0.3746130030959752,-0.8570949631807531,0.0302130667169134,2.2099694333165907,1.1925930593541416,2
145,0.0836501901140679,1.1520270270270268,-0.6043165467625896,0.3488372093023255,0.2105263157894736,-0.8085106382978724,-0.9491017964071856,0.5373134328358208,-0.3642857142857145,-0.2315436241610736,-1.081481481481481,-0.8924949290060852,0.3230134158926728,-1.3139474953171126,0.7287626045716682,0.531724606433157,2.7440669772585444,3
146,0.631178707224334,2.14527027027027,-0.37410071942446,0.1162790697674418,-0.9473684210526316,-1.3002364066193854,-1.0748502994011977,0.3582089552238806,-1.2500000000000002,0.0704697986577184,-1.1407407407407404,-1.176470588235294,-0.5335397316821465,-1.359340402345078,0.3179529737153242,1.0330531394217572,2.118662232267892,3
147,-0.1368821292775675,1.8547297297297296,0.3453237410071944,0.4651162790697674,-0.631578947368421,-0.6193853427895982,-0.8892215568862275,0.7761194029850744,-0.9928571428571432,0.993288590604027,-1.2592592592592586,-0.7464503042596347,-0.1001031991744066,-1.2778543048963646,0.1640573962557941,2.6421558483625143,0.954458935373689,2
148,0.2053231939163493,0.929054054054054,0.0575539568345324,0.4651162790697674,-0.3157894736842105,-0.4018912529550828,-0.8233532934131735,0.6567164179104478,-0.4357142857142859,1.251677852348993,-1.229629629629629,-0.9411764705882352,-0.0485036119711042,-1.2515558185946531,0.3513820391084138,2.963623754690348,1.5076673121218038,2
149,0.0228136882129272,1.3749999999999998,0.0,0.4651162790697674,0.7894736842105263,-0.8936170212765959,-0.4461077844311377,0.0,-0.5928571428571433,1.580536912751678,-1.17037037037037,-1.176470588235294,-0.2549019607843137,0.1106747884330789,0.3907519632397287,3.296266676289052,0.0894892427902446,2
150,0.3422053231939155,0.8479729729729729,0.7482014388489212,1.0465116279069766,1.3157894736842106,-0.9030732860520096,-0.338323353293413,-0.7164179104477614,-0.4357142857142859,1.3120805369127515,-1.1111111111111107,-1.2008113590263692,-0.3581011351909184,0.422711590097736,0.4165351741336809,2.757415467745421,0.048272116711116,2
151,-0.1977186311787082,0.5439189189189187,0.3453237410071944,0.5813953488372092,0.7368421052631579,-0.8274231678486998,-0.464071856287425,-0.5970149253731346,-0.4214285714285716,2.050335570469799,-1.4370370370370364,-1.0628803245436105,-0.3993808049535604,-0.0432501552107056,0.2677394514450681,4.987078370926882,0.2723556571371502,2
152,0.0456273764258544,0.0236486486486484,1.1223021582733812,1.395348837209302,0.9473684210526316,-0.1465721040189123,-0.5119760479041915,-0.4776119402985076,0.0071428571428569,0.808724832214765,-1.0518518518518514,-1.176470588235294,-0.5128998968008256,-0.818897239151576,0.4743496993001066,1.93099107255477,0.7750335605868053,2
153,0.1368821292775661,0.9695945945945944,-0.2302158273381296,-0.2325581395348837,0.0,-0.524822695035461,-0.7814371257485029,1.611940298507463,0.4499999999999999,1.9563758389261745,-1.1999999999999993,-1.0304259634888435,0.0030959752321981,-1.096636708884728,-0.1215231489636894,3.941914065684796,2.553811856636968,2
154,-0.3574144486692016,-0.3885135135135136,-0.74820143884892,0.1162790697674418,0.2631578947368421,-0.8274231678486998,-0.931137724550898,1.1343283582089554,-0.2214285714285718,0.9765100671140938,-1.1407407407407404,-0.9979716024340768,-0.0691434468524251,-1.2559058622394976,0.6034714632673664,2.3429763621599347,2.8303295583213184,2
155,0.0912547528517103,2.246621621621622,-0.1151079136690648,0.5813953488372092,-0.2631578947368421,-0.5815602836879433,-0.9011976047904192,1.611940298507463,-0.0071428571428573,1.077181208053691,-1.081481481481481,-1.0547667342799187,0.1062951496388028,-1.3245264370574883,0.5823607246826594,2.3607656558921035,2.9103451728882965,2
156,0.6007604562737631,1.523648648648649,0.0575539568345324,0.0,-0.4736842105263157,-0.524822695035461,-0.7814371257485029,0.8358208955223879,0.0071428571428569,1.4496644295302012,-1.17037037037037,-0.924949290060852,-0.3993808049535604,-1.096636708884728,-0.0807717298210165,3.1037360563925227,1.9114569420356275,2
157,-0.4562737642585557,0.787162162162162,0.8057553956834537,1.7441860465116277,-0.0526315789473684,-0.430260047281324,-0.931137724550898,1.7313432835820897,-0.5928571428571433,0.9429530201342282,-0.8740740740740736,-0.8519269776876267,0.4262125902992776,-1.4552329707125538,0.9652370421588776,1.805684094843777,2.0593611568583454,2
158,0.980988593155892,-0.1250000000000002,0.9784172661870508,1.2790697674418603,0.0,0.42080378250591,-0.494011976047904,1.1343283582089554,1.635714285714286,2.7885906040268456,-1.17037037037037,-0.6653144016227179,-0.0278637770897832,-1.08111430295657,0.4674235660348594,5.073472398410863,2.2236989898855968,2
159,0.3269961977186306,-0.1317567567567569,0.8057553956834537,0.6976744186046511,-0.4736842105263157,0.231678486997636,-0.619760479041916,1.0746268656716418,1.0499999999999998,2.3691275167785237,-1.17037037037037,-0.8113590263691682,-0.110423116615067,-1.1841508033364023,0.0886523723185704,4.456387078229679,2.2593845484532142,2
160,-0.5247148288973389,1.3277027027027026,0.0575539568345324,0.3488372093023255,-0.5263157894736842,-0.0520094562647755,-0.7275449101796406,0.9552238805970148,-0.735714285714286,0.993288590604027,-1.1999999999999993,-0.973630831643002,-0.3168214654282765,-1.23724939888114,0.243343596876056,2.499785717600749,0.6231436678441571,2
161,0.4866920152091241,0.9425675675675672,0.5179856115107916,0.1162790697674418,0.4736842105263157,-0.4964539007092198,-0.9431137724550896,0.9552238805970148,-1.0785714285714287,0.3993288590604028,-0.0148148148148148,-0.7789046653144015,0.0134158926728586,-1.453512410911841,-0.2449560269840728,0.3793055961767793,1.135893359861286,3
162,-0.1520912547528523,0.9493243243243242,0.6330935251798564,0.5813953488372092,0.4210526315789473,-0.6666666666666669,-0.9191616766467064,1.552238805970149,-0.8500000000000003,0.2986577181208055,-0.2814814814814813,-0.5436105476673427,-0.2136222910216718,-1.3209199794274238,0.0909174103556254,0.4605692126407351,1.430725541504868,3
163,-0.068441064638783,1.0709459459459458,-0.0287769784172655,-0.2325581395348837,0.4210526315789473,-0.9125295508274234,-0.8592814371257484,0.3582089552238806,-0.8785714285714289,0.1979865771812082,-0.8444444444444439,-0.8356997971602433,0.0030959752321981,-0.9988792744206793,-0.245817712223173,0.8407033116794619,0.9884782576607296,3
164,0.5551330798479072,0.6047297297297295,-0.1726618705035972,0.5813953488372092,-0.4210526315789473,-0.950354609929078,-0.8712574850299399,0.4179104477611938,-0.7500000000000002,1.640939597315436,-0.7851851851851849,-0.8924949290060852,-0.1207430340557275,-0.9986340621029364,0.6247661993025897,2.506821865398257,1.2840327349055678,2
165,0.5171102661596951,1.685810810810811,-0.287769784172662,0.6976744186046511,-0.5263157894736842,-1.016548463356974,-0.997005988023952,1.0746268656716418,-0.578571428571429,0.6476510067114095,-0.5481481481481477,-0.8356997971602433,-0.3168214654282765,-1.3127491877035211,0.8256037598164452,1.0440013218662214,2.8871094937409847,3
166,0.304182509505702,1.239864864864865,0.6906474820143889,0.8139534883720929,0.6842105263157895,-0.6193853427895982,-0.7275449101796406,0.5373134328358208,-0.135714285714286,2.0100671140939594,-0.3407407407407405,-0.9898580121703852,0.04437564499484,-0.9124114218644664,0.2549786677775008,2.191381083690008,1.4082942625931296,2
167,-0.1749049429657796,1.016891891891892,-0.1726618705035972,0.0,-0.5263157894736842,-0.8274231678486998,-0.8832335329341315,0.3582089552238806,-0.8357142857142861,1.8691275167785235,-0.7259259259259256,-0.8356997971602433,0.023735810113519,-1.131530917928852,0.0657847020087758,2.665606944639481,1.2066239077288827,2
168,0.4030418250950561,0.483108108108108,0.949640287769784,1.1627906976744184,0.3684210526315789,-0.7612293144208038,-0.7754491017964071,0.2985074626865671,-0.0214285714285716,1.3322147651006713,-0.6666666666666663,-0.7951318458417849,0.1578947368421052,-0.910665051352846,0.3895371060958955,1.9488205119243085,1.8320260031966475,2
169,0.2661596958174899,1.8479729729729728,1.4388489208633088,1.2790697674418603,0.7368421052631579,-0.3546099290780142,-0.7035928143712574,-0.4179104477611941,-0.6357142857142859,1.278523489932886,-0.8740740740740736,-0.6977687626774848,-0.0897832817337461,-1.0420184570519584,0.2010351532801611,2.2256706316860746,0.6675421546334773,2
170,-0.6463878326996202,0.787162162162162,-0.1151079136690648,-0.1162790697674418,-0.1052631578947368,-1.0449172576832153,-0.9850299401197604,0.3582089552238806,-1.1785714285714288,0.2718120805369128,-0.9037037037037032,-0.7707910750507098,-0.3374613003095975,-1.2556572244872364,-0.0826345073490164,1.0007098462008508,1.2411897969659986,3
171,-0.212927756653993,0.3547297297297296,-0.2302158273381296,0.0,-0.631578947368421,-0.9125295508274234,-0.9730538922155688,0.8358208955223879,-1.3071428571428574,1.7483218120805366,-1.17037037037037,-0.9330628803245437,-0.4200206398348813,-1.3133957565256638,0.1040307876805965,3.5431003106932697,0.8372071168005231,2
172,0.8441064638783258,0.4358108108108105,0.3453237410071944,0.1162790697674418,-0.3684210526315789,-0.6382978723404257,-0.8592814371257484,0.5970149253731343,-0.4500000000000003,1.6812080536912748,-1.0222222222222217,-0.8681541582150101,-0.0278637770897832,-1.1989006023130968,-0.1469887693120261,3.058191801431008,1.7255581560360271,2
173,0.5019011406844103,2.5574324324324325,0.2589928057553964,0.2325581395348837,-0.1578947368421052,-0.6382978723404257,-0.9131736526946108,1.0746268656716418,-0.7071428571428573,1.01006711409396,-0.9629629629629624,-0.843813387423935,0.1372549019607843,-1.3221650659646282,0.0087458882569221,2.041270055996482,1.667557796413743,2
174,0.2661596958174899,1.3817567567567568,0.3453237410071944,0.8139534883720929,0.2105263157894736,-0.524822695035461,-0.8293413173652694,0.5373134328358208,-0.2071428571428575,0.8758389261744967,-0.7851851851851849,-0.9898580121703852,0.1578947368421052,-1.1989005642685302,0.4751035618236153,1.5902911872283705,1.9122853715596275,2
175,0.1673003802281358,1.6317567567567568,-0.287769784172662,0.1162790697674418,1.1578947368421053,-0.7234042553191489,-0.8652694610778443,0.5373134328358208,-0.292857142857143,1.848993288590604,-1.1111111111111107,-0.9898580121703852,0.3333333333333333,-1.1591045617371882,0.2567287890720665,3.520509495507072,2.043891143928028,2
176,0.0912547528517103,0.4898648648648646,0.0287769784172668,0.1162790697674418,1.1578947368421053,-0.6666666666666669,-0.8712574850299399,1.1343283582089554,-0.135714285714286,1.5469798657718123,-1.081481481481481,-0.9411764705882352,0.3436532507739938,-1.2093594155521898,0.0455010409592793,3.017344494159418,2.37158685298932,2
177,0.8212927756653985,1.5101351351351349,1.0935251798561156,1.1627906976744184,-0.1052631578947368,-0.2884160756501184,-0.8233532934131735,1.3134328358208958,-0.292857142857143,1.513422818791946,-1.0518518518518514,-0.9574036511156184,-0.2342621259029927,-1.3045939423749062,0.3040661868703385,2.8997139751546674,1.7339637976714313,2
