,observation_id,Alcohol,Malic_Acid,Ash,Ash_Alcanity,Magnesium,Total_Phenols,Flavanoids,Nonflavanoid_Phenols,Proanthocyanins,Color_Intensity,Hue,OD280,Proline,Flavanoid_Ratio,Ash_Alcanity_Index,Color_Saturation_Index,Proanthocyanin_Flavanoid_Ratio
0,-1.0,0.897338403041824,-0.1047297297297299,0.20143884892086406,-0.9069767441860465,1.5263157894736843,0.42080378250591005,0.5538922155688625,-0.35820895522388063,1.0499999999999998,0.31879194630872487,0.22222222222222232,0.9249492900608521,0.8080495356037152,0.3569714487124645,-0.9928295629883429,0.18179080712077927,-0.03395773449879493
1,-0.9887005649717514,0.1140684410646376,-0.05743243243243256,-0.6330935251798552,-1.9302325581395348,0.10526315789473684,0.27895981087470445,0.37425149700598803,-0.4776119402985076,-0.39285714285714307,-0.10402684563758374,0.251851851851852,0.5030425963488845,0.7770897832817337,0.2388235465986532,-1.6028012755358367,-0.1704119250397107,-0.5234248766659608
2,-0.9774011299435028,0.08365019011406792,0.33445945945945926,0.8920863309352516,-0.20930232558139497,0.15789473684210525,0.42080378250591005,0.6616766467065871,-0.23880597014925398,1.792857142857143,0.33221476510067116,0.19259259259259268,0.31643002028397577,1.0557275541795665,0.5048888403127081,-0.7117646255692135,0.2075341931687319,0.17056390100036015
3,-0.9661016949152542,1.0038022813688192,0.05743243243243226,0.40287769784172683,-0.6279069767441858,0.7894736842105263,1.4137115839243501,0.8113772455089824,-0.5970149253731346,0.8928571428571429,1.0436241610738255,-0.31111111111111095,0.5436105476673432,1.6646026831785345,-0.0718393722607868,-0.8384236478103627,1.2079366560628788,-0.24674533846452767
4,-0.9548022598870056,0.1444866920152086,0.48986486486486464,1.4676258992805755,0.34883720930232553,1.0526315789473684,0.42080378250591005,0.3323353293413175,0.29850746268656714,0.37857142857142845,-0.12416107382550308,0.22222222222222232,0.12170385395537554,0.12693498452012383,0.05291903264529707,-0.5313708165133195,-0.1753594721246798,-0.1574194475462422
5,-0.943502824858757,0.8745247148288954,-0.07094594594594608,0.25899280575539646,-1.0,0.7368421052631579,0.8652482269503547,0.7514970059880242,0.0,0.5928571428571426,0.691275167785235,0.251851851851852,0.05679513184584202,1.6026831785345717,0.2277511791092406,-1.103741398828024,0.4647280578936169,-0.3215949695653515
6,-0.9322033898305084,1.0190114068441054,0.0033783783783783066,0.25899280575539646,-1.13953488372093,-0.10526315789473684,0.13711583924349885,0.23053892215568877,-0.23880597014925398,0.6071428571428569,0.18791946308724847,0.16296296296296303,0.6490872210953349,1.2724458204334366,0.16172039239969518,-1.2296833558565086,0.10412173512991148,0.030275783984266315
7,-0.9209039548022598,0.7680608365019003,0.19256756756756738,0.7194244604316544,-0.4418604651162787,1.2105263157894737,0.23167848699763605,0.22455089820359284,-0.17910447761194048,-0.43571428571428594,0.12080536912751687,0.2814814814814816,0.6490872210953349,1.282765737874097,0.06366510690808383,-0.8264438230193606,-0.003625093975259211,-0.46453732899112604
8,-0.9096045197740112,1.3536121673003785,-0.15202702702702725,-0.5467625899280572,-1.2790697674418603,-0.05263157894736842,0.42080378250591005,0.505988023952096,-0.29850746268656747,0.6071428571428569,0.17114093959731563,0.3407407407407409,0.05679513184584202,0.7667698658410733,0.29123038577902277,-0.9764454019451212,0.01063129393611107,-0.1783163235241167
9,-0.8983050847457628,0.6159695817490478,-0.3479729729729731,-0.2589928057553952,-0.8139534883720929,0.0,0.591016548463357,0.6077844311377246,-0.7164179104477614,0.4214285714285714,0.848993288590604,0.1333333333333334,0.6247464503042597,0.7667698658410733,0.274574564920241,-0.6695099227484033,0.667313676541514,-0.3109651816170551
10,-0.8870056497175142,0.7984790874524699,0.1993243243243243,-0.17266187050359721,-0.34883720930232553,0.3684210526315789,0.5626477541371161,0.7095808383233534,-0.7164179104477614,1.1785714285714282,0.3557046979865773,0.8444444444444442,0.31643002028397577,1.7265221878224974,0.4319051649288826,-0.26960419636751154,-0.04981552850694649,-0.08813062966724557
11,-0.8757062146892656,0.8136882129277547,-0.2601351351351353,-0.11510791366906481,-0.6279069767441858,-0.15789473684210525,-0.14657210401891235,0.17664670658682657,-0.4776119402985076,0.02142857142857129,0.10402684563758405,0.6074074074074071,0.03245436105476676,1.2518059855521155,0.38386527236492013,-0.5702976775055786,-0.14168861025289073,-0.20985682010819154
12,-0.864406779661017,0.5323193916349799,-0.09121621621621637,0.14388489208633165,-0.8139534883720929,-0.47368421052631576,0.23167848699763605,0.37425149700598803,-0.29850746268656747,0.36428571428571416,0.3053691275167785,0.5481481481481477,0.0973630831643003,1.3343653250773995,0.2849090626251917,-0.8800768675666166,0.02603764931291579,-0.19316287923723832
13,-0.8531073446327684,1.2927756653992377,-0.09121621621621637,0.08633093525179925,-1.8837209302325577,-0.3684210526315789,0.7044917257683216,0.9311377245508984,0.5373134328358208,1.792857142857143,0.23825503355704722,0.8444444444444442,-0.04056795131845828,0.9834881320949432,0.5812333951544219,-1.8413010858355814,-0.12860505738316866,-0.011338812904596355
14,-0.8418079096045198,1.011406844106463,0.0033783783783783066,0.057553956834532405,-1.7441860465116277,0.21052631578947367,0.8936170212765957,0.9011976047904194,-0.29850746268656747,2.007142857142857,0.9429530201342282,0.696296296296296,0.1784989858012172,1.802889576883385,0.38037938876142213,-1.7013483633063815,0.4144798508905367,0.0775247149319344
15,-0.8305084745762712,0.44106463878326957,-0.03716216216216227,0.9784172661870508,-0.5348837209302326,0.7368421052631579,0.4680851063829789,0.46407185628742537,-0.23880597014925398,-0.135714285714286,0.8758389261744967,0.9333333333333331,0.08113590263691692,1.3137254901960784,0.19175379211330235,-1.0182251313555017,0.2605941410174235,-0.4581561989307377
16,-0.8192090395480226,0.9505703422053222,0.03716216216216197,1.0359712230215832,0.11627906976744184,1.1578947368421053,0.42080378250591005,0.601796407185629,-0.059701492537313494,0.5928571428571426,0.5067114093959733,0.3111111111111113,-0.1054766734279918,1.2518059855521155,0.4227125116459063,-0.5129253001504431,0.28627576709545566,-0.24202144493246266
17,-0.807909604519774,0.5931558935361206,-0.19932432432432443,0.7482014388489212,0.11627906976744184,0.8947368421052632,0.5626477541371161,0.7574850299401199,0.35820895522388063,0.23571428571428546,0.6409395973154361,0.4888888888888885,-0.17038539553752532,0.9422084623323014,0.49430346308359524,-0.36859918436909356,0.29930860330906617,-0.4509944392014891
18,-0.7966101694915254,0.866920152091253,-0.1858108108108109,0.34532374100719443,-0.6976744186046511,0.5263157894736842,0.8936170212765957,1.074850299401198,-0.11940298507462699,0.43571428571428567,1.3456375838926171,0.7851851851851849,0.03245436105476676,2.0773993808049536,0.5825829720590592,-0.8727631556369404,0.646112862680065,-0.5070615270024977
19,-0.7853107344632768,0.448669201520912,0.8344594594594594,0.575539568345324,-1.0,0.9473684210526315,0.32624113475177324,0.5359281437125749,-1.0149253731343286,0.14999999999999966,0.1375838926174497,-0.014814814814814822,0.47058823529411775,0.3539731682146543,0.424538618127365,-1.2408344130831137,0.1506753221007276,-0.3788079730950799
20,-0.7740112994350282,0.7680608365019003,-0.158783783783784,-0.23021582733812962,-0.8139534883720929,1.4736842105263157,0.6099290780141845,0.6197604790419163,-0.5970149253731346,0.7785714285714285,0.32214765100671167,0.37037037037037057,0.7545638945233267,0.21981424148606812,0.2736994935520772,-0.685407990574402,0.1143721782085096,-0.18170263035196832
21,-0.7627118644067796,-0.0912547528517117,1.3074324324324322,0.8345323741007192,-0.20930232558139497,0.21052631578947367,0.05200945626477557,0.16467065868263495,-0.5373134328358211,0.6071428571428569,-0.06375838926174479,0.19259259259259268,0.6004056795131848,0.19917440660474717,0.14331286119639378,-0.6847268519886467,-0.1148362235703138,0.09195401546035628
22,-0.751412429378531,0.5019011406844103,-0.0033783783783784566,0.0,-0.6744186046511623,0.15789473684210525,0.24113475177304958,0.4461077844311378,-0.4179104477611941,0.19285714285714256,-0.2986577181208052,0.42962962962962986,0.9898580121703856,0.7461300309597523,0.38134091465163944,-0.6769974510207918,-0.3808938905470686,-0.3118183143354894
23,-0.7401129943502824,-0.15209125475285237,-0.17905405405405414,0.46043165467625924,-0.3953488372093021,-0.15789473684210525,0.11820330969267141,0.1407185628742517,-0.4776119402985076,-0.135714285714286,-0.2550335570469796,0.37037037037037057,0.6896551724137933,0.7048503611971104,0.04125519434242295,-0.661778378811876,-0.3296578799601593,-0.2615501293587791
24,-0.7288135593220338,0.3422053231939155,-0.03716216216216227,0.7194244604316544,0.11627906976744184,-0.10526315789473684,0.1654846335697398,0.284431137724551,-0.35820895522388063,0.14999999999999966,-0.3926174496644293,0.4592592592592595,0.8438133874239352,0.3539731682146543,0.21606981130201797,-0.35355830203796035,-0.45984275069729097,-0.22718468661187494
25,-0.7175141242937854,0.0,0.12499999999999974,2.474820143884892,1.2790697674418603,1.368421052631579,0.260047281323877,0.3263473053892218,0.7761194029850744,0.5214285714285711,-0.3724832214765098,0.4888888888888885,0.34077079107505104,0.32301341589267285,0.18705699333388537,-0.30154550022234583,-0.4527279232126329,-0.08890389534636438
26,-0.7062146892655368,0.25855513307984757,-0.06418918918918932,0.7482014388489212,-0.7906976744186042,-0.2631578947368421,0.4680851063829789,0.4820359281437127,0.0,-0.1500000000000003,0.03691275167785245,-0.13333333333333308,0.3569979716024344,1.0763673890608876,0.21597418387211653,-1.134105183909298,0.12391251449693622,-0.472810966830801
27,-0.6949152542372882,0.19011406844106446,-0.09797297297297314,-0.6330935251798552,-0.5813953488372092,-0.21052631578947367,0.04255319148936164,0.032934131736527046,-0.4179104477611941,-0.292857142857143,-0.24832214765100644,0.16296296296296303,-0.008113590263691512,1.262125902992776,-0.05801913603133349,-0.20900446590964503,-0.25451401088616005,-0.26085431133196807
28,-0.6836158192090396,0.6235741444866902,0.023648648648648445,1.2661870503597115,-0.023255813953488698,0.47368421052631576,0.5626477541371161,0.5000000000000002,0.17910447761194015,0.29285714285714265,-0.06375838926174479,0.8444444444444442,0.5030425963488845,0.4984520123839009,0.15891261050201672,-0.7311629274942708,-0.3312067030648831,-0.30186543928333737
29,-0.672316384180791,0.7376425855513292,-0.1250000000000002,-0.4316546762589924,-0.8139534883720929,-0.10526315789473684,0.27895981087470445,0.11676646706586843,-0.4776119402985076,0.6071428571428569,0.003355704697986803,0.22222222222222232,0.6572008113590264,0.7461300309597523,-0.13453606741904306,-0.5711001649030114,-0.07254348264492627,0.14046876795046753
30,-0.6610169491525424,0.5171102661596951,-0.24662162162162177,0.9784172661870508,0.6976744186046511,0.15789473684210525,0.6099290780141845,0.6676646706586828,-0.29850746268656747,1.1785714285714282,0.3389261744966445,0.6666666666666663,-0.05679513184584166,1.262125902992776,0.33505782041753474,-0.008745888256923014,0.003625093975258961,-0.061575693551628924
31,-0.6497175141242938,0.40304182509505615,-0.1385135135135137,0.0,-0.09302325581395314,0.42105263157894735,0.4775413711583924,0.6317365269461079,-0.7164179104477614,0.5642857142857141,0.7416107382550338,0.37037037037037057,0.08113590263691692,1.736842105263158,0.40880576756205134,-0.1322273417041994,0.43706844141248397,-0.2697167267454288
32,-0.6384180790960452,0.47908745247148166,-0.023648648648648744,0.0,-0.5348837209302326,0.3157894736842105,0.06146572104018908,0.3323353293413175,0.4776119402985073,0.5928571428571426,-0.2852348993288589,0.7851851851851849,0.0730223123732254,0.653250773993808,0.40002898492715533,-0.5462526247848101,-0.46572542232983244,-0.061516757186163167
33,-0.6271186440677966,0.5399239543726223,-0.22635135135135148,0.9784172661870508,0.0,1.7894736842105263,0.5626477541371161,0.36227544910179665,0.9552238805970149,-0.292857142857143,0.23825503355704722,0.8444444444444442,0.1784989858012172,1.1589267285861713,-0.020482496692780745,-0.5801492334070616,-0.12860505738316866,-0.47366498010694763
34,-0.615819209039548,0.3498098859315579,-0.04391891891891903,0.8345323741007192,-0.11627906976744184,0.631578947368421,-0.004728132387706756,0.23652694610778446,-0.29850746268656747,-0.02142857142857161,-0.16442953020134204,0.4000000000000002,0.0730223123732254,0.8699690402476781,0.31955482326931745,-0.6071022471522102,-0.2698123821869722,-0.2741705734657177
35,-0.6045197740112994,0.32699619771863064,-0.03716216216216227,0.14388489208633165,0.2325581395348837,0.10526315789473684,0.32624113475177324,0.505988023952096,-0.4776119402985076,0.43571428571428567,0.1375838926174497,0.22222222222222232,0.5598377281947265,0.5087719298245614,0.38192867049338725,0.08016522567860647,0.035683874702182226,-0.24757222859832392
36,-0.5932203389830508,0.17490494296577827,-0.15202702702702725,1.3812949640287764,-0.9302325581395348,0.631578947368421,0.23167848699763605,0.3263473053892218,0.0,-0.2785714285714287,-0.030201342281879144,0.37037037037037057,0.0,0.4262125902992776,0.21411099679571727,-1.487553790130194,-0.1566926828828291,-0.44827656340116445
37,-0.5819209039548022,0.0,-0.14527027027027048,0.5467625899280572,-0.34883720930232553,0.0,0.08983451536643046,0.17664670658682657,-0.29850746268656747,-0.1642857142857146,-0.1476510067114092,0.4592592592592595,-0.21906693711967548,0.890608875128999,0.12452971690426966,-0.664179216192548,-0.2764360200249615,-0.30186551554019475
38,-0.5706214689265536,0.015209125475284833,-0.24662162162162177,-0.74820143884892,-0.9302325581395348,0.0,0.04255319148936164,0.30239520958083854,-0.35820895522388063,-0.2642857142857144,-0.3322147651006709,0.6370370370370367,-0.07302231237322504,0.7151702786377709,0.3734065637892852,-0.4985205857664584,-0.46188671413953547,-0.4285382969060702
39,-0.559322033898305,0.8897338403041816,1.4358108108108107,0.4316546762589924,-1.4651162790697674,1.5789473684210527,0.6099290780141845,0.5419161676646709,-0.8358208955223883,0.7499999999999999,0.1375838926174497,-0.22222222222222202,0.6085192697768763,0.1785345717234262,0.17399221239570853,-1.5897803194854698,0.26825082791498245,-0.14429587113257566
40,-0.5480225988700564,0.38783269961977135,-0.1047297297297299,-0.14388489208633037,-0.7674418604651163,1.0,0.75177304964539,0.691616766467066,0.0,1.121428571428571,0.4832214765100672,-0.04444444444444447,0.4868154158215011,0.25077399380804954,0.2455769652181133,-0.6877513875550425,0.47149818881007266,-0.09779840128744932
41,-0.536723163841808,0.27376425855513237,1.3344594594594592,-0.6906474820143875,-0.16279069767441842,-0.42105263157894735,0.08983451536643046,0.3263473053892218,-0.4179104477611941,-0.1071428571428574,-0.13758389261744938,-0.16296296296296273,0.1784989858012172,0.7461300309597523,0.3593192154017952,0.26617412702719756,-0.02074914342338636,-0.37126813453227875
42,-0.5254237288135594,0.631178707224334,0.01689189189189168,0.661870503597122,-1.0465116279069766,0.15789473684210525,0.8463356973995273,0.8532934131736529,-1.0149253731343286,0.20714285714285685,0.24832214765100674,-0.25185185185185166,0.6328600405679515,0.8699690402476781,0.3627871289153344,-1.315913819282021,0.39209593659698805,-0.4997596507703534
43,-0.5141242937853108,0.1444866920152086,1.429054054054054,-0.20143884892086278,-0.4651162790697674,0.2631578947368421,0.26950354609929095,0.2964071856287426,-0.11940298507462699,0.14999999999999966,-0.11073825503355676,-0.42962962962962953,0.1784989858012172,0.013415892672858616,0.1345972733413764,-0.364313732628107,0.1519619055853056,-0.23550296535501347
44,-0.5028248587570622,0.0,-0.06418918918918932,-0.74820143884892,-0.5813953488372092,0.47368421052631576,0.6099290780141845,0.5179640718562876,-0.35820895522388063,0.6785714285714282,0.11744966442953036,-0.25185185185185166,0.46247464503042623,0.43653250773993807,0.14331304896298,-0.13118990275518316,0.26738852618308895,-0.1572702208786134
45,-0.4915254237288136,0.8821292775665391,1.4695945945945945,0.23021582733812962,-0.13953488372093054,0.6842105263157895,0.4680851063829789,0.30838323353293423,-0.23880597014925398,-0.43571428571428594,0.18456375838926195,-0.2814814814814813,0.4462474645030428,0.8390092879256966,-0.01815626979642107,-0.31084043695903135,0.3506002862968599,-0.5097864439748704
46,-0.480225988700565,1.011406844106463,1.1655405405405403,-0.23021582733812962,-0.8139534883720929,0.21052631578947367,0.8463356973995273,0.6197604790419163,-0.4179104477611941,0.9071428571428569,0.0704697986577184,0.22222222222222232,0.5354969574036512,0.8080495356037152,0.08667465094097078,-0.685407990574402,-0.018429803971371898,-0.13287393919925838
47,-0.4689265536723164,0.6463878326996189,-0.1250000000000002,-0.6906474820143875,-0.8139534883720929,0.15789473684210525,0.7044917257683216,0.7514970059880242,-0.7761194029850749,0.8357142857142857,0.47315436241610737,-0.16296296296296273,0.4462474645030428,0.6429308565531475,0.35856204526449537,-0.4130411012147418,0.5420330374764087,-0.23534855133888377
48,-0.4576271186440678,0.7984790874524699,0.1047297297297296,0.11510791366906481,-0.16279069767441842,0.2631578947368421,0.37352245862884165,0.47005988023952106,-0.11940298507462699,1.1785714285714282,0.5067114093959733,0.3111111111111113,-0.024340770791074894,0.7977296181630547,0.28555273266090003,-0.2658775800741097,0.28627576709545566,0.0807608368194154
49,-0.4463276836158192,0.6768060836501886,-0.09121621621621637,-0.2589928057553952,-0.48837209302325607,0.5263157894736842,0.49645390070921985,0.8413173652694612,-0.11940298507462699,0.7499999999999999,1.412751677852349,0.4592592592592595,0.2596348884381341,1.2105263157894737,0.670611131181972,-0.3523433305116294,0.8918397301480961,-0.31050244651432846
50,-0.4350282485875706,0.0,-0.09121621621621637,-0.9208633093525171,-1.651162790697674,-0.3157894736842105,0.3451536643026007,0.6796407185628744,-1.0149253731343286,1.9357142857142857,0.8422818791946309,0.4592592592592595,0.10547667342799216,0.9834881320949432,0.608576002426752,-1.1683589338613953,0.46472816556869867,0.2094744320878844
51,-0.423728813559322,0.5931558935361206,-0.14527027027027048,0.6906474820143889,-0.5348837209302326,-0.21052631578947367,0.08983451536643046,0.5119760479041919,-0.7164179104477614,1.0499999999999998,0.3053691275167785,0.8148148148148145,0.4787018255578096,1.2208462332301342,0.6504581935387262,-0.8922234165281817,-0.07341608682985629,-0.003825412940213059
52,-0.4124293785310734,0.5855513307984782,-0.07770270270270285,0.17266187050359721,-1.2790697674418603,0.6842105263157895,1.442080378250591,0.9610778443113775,-0.11940298507462699,0.44999999999999996,0.7919463087248322,0.1333333333333334,0.3894523326572008,1.066047471620227,0.060289707350663975,-1.3191958362360412,0.6199508145799427,-0.46111121060467664
53,-0.4011299435028249,0.5475285171102647,0.023648648648648445,0.9208633093525185,-0.5581395348837205,0.8947368421052632,0.6099290780141845,0.3922155688622756,0.29850746268656714,0.17857142857142827,0.540268456375839,0.4888888888888885,0.12170385395537554,1.4478844169246645,-0.017752559058845926,-1.012965955407336,0.22460298809167878,-0.28542718245748877
54,-0.3898305084745763,0.5247148288973376,-0.13175675675675694,-0.3165467625899276,-0.7209302325581397,1.0526315789473684,0.23167848699763605,0.45808383233532945,-0.7761194029850749,0.09285714285714279,0.38926174496644295,-0.13333333333333308,0.34077079107505104,0.7977296181630547,0.40880567782677196,-0.5458653103576294,0.4450653933029594,-0.3602921933369802
55,-0.3785310734463277,0.38783269961977135,-0.09121621621621637,0.287769784172662,0.2325581395348837,0.9473684210526315,0.5721040189125296,0.3862275449101797,-0.8358208955223883,1.2785714285714287,0.5234899328859062,0.04444444444444447,0.20283975659229211,0.9215686274509803,0.003391178978058501,-0.008746043108714747,0.45037124542123874,0.19466073537680995
56,-0.3672316384180791,0.8897338403041816,-0.11148648648648667,-0.17266187050359721,-0.7441860465116276,1.0526315789473684,0.7990543735224589,0.5179640718562876,-0.4776119402985076,0.6785714285714282,0.5671140939597316,-0.07407407407407411,0.43002028397565945,0.6119711042311662,-0.0004954846877694053,-0.6497116145273041,0.5656523238807314,-0.1572702208786134
57,-0.3559322033898305,0.1825095057034207,0.07094594594594579,0.9208633093525185,-0.6279069767441858,0.21052631578947367,0.6099290780141845,0.6556886227544911,-0.17910447761194048,0.14999999999999966,0.4395973154362417,0.3111111111111113,0.04868154158215015,1.2311661506707947,0.3197182387011701,-1.0705327101700668,0.23367929294807138,-0.437150418447478
58,-0.3446327683615819,0.5095057034220527,-0.2939189189189191,0.40287769784172683,-0.6511627906976745,0.5263157894736842,0.988179669030733,0.9191616766467067,-0.8955223880597017,0.6928571428571427,0.7080536912751678,-0.22222222222222202,0.0730223123732254,1.262125902992776,0.3260346344533207,-0.8589941676262711,0.8057394143777951,-0.36504301544636086
59,-0.3333333333333333,-0.5171102661596965,-0.6250000000000002,-2.877697841726617,-2.069767441860465,-0.5263157894736842,-0.3546099290780142,-0.937125748502994,-0.35820895522388063,-1.6214285714285719,-0.9194630872483218,0.251851851851852,-0.7789046653144015,-0.31682146542827655,-1.4952332935743435,-0.28604603315806143,-0.8216314012118564,-0.05377899398557826
60,-0.3220338983050847,-0.5475285171102661,-0.516891891891892,-0.23021582733812962,-0.8139534883720929,0.15789473684210525,-0.2884160756501184,-0.6257485029940119,1.7313432835820897,-1.6357142857142861,-0.4765100671140937,0.8444444444444442,-0.9006085192697768,0.013415892672858616,-0.9341992215610456,-0.685407990574402,-0.6080956188298927,-0.674121206908464
61,-0.3107344632768362,-0.3117870722433458,-0.3412162162162163,-0.9784172661870496,-0.6279069767441858,0.10526315789473684,-0.31678486997635935,-0.43413173652694603,1.1343283582089554,-1.335714285714286,0.3557046979865773,0.04444444444444447,-0.9655172413793102,-0.4613003095975232,-0.5515246994064944,-0.01723260980847562,0.3068043512696631,-0.5647907524967284
62,-0.2994350282485876,0.4714828897338392,-0.4155405405405407,-1.2661870503597115,-0.34883720930232553,-0.21052631578947367,-0.24113475177304958,-0.20658682634730524,-0.11940298507462699,-1.1785714285714288,-0.2986577181208052,0.7851851851851849,-0.25963488843813376,-0.08978328173374613,-0.19634939779568208,0.5269440224073088,-0.4748763547167451,-0.6196455436169929
63,-0.288135593220339,-0.5171102661596965,-0.4966216216216218,-0.5755395683453227,-0.11627906976744184,-0.5789473684210527,1.0827423167848702,0.5778443113772457,-0.8955223880597017,0.44999999999999996,-0.08053691275167761,0.7555555555555553,0.0730223123732254,-0.5232198142414861,-0.11965111198553216,0.22933842003640134,-0.31782911003937453,-0.2835778388889674
64,-0.2768361581920904,-0.6692015209125475,-0.2804054054054056,0.4892086330935248,-0.11627906976744184,0.3157894736842105,-0.4397163120567377,-0.2305389221556885,0.6567164179104478,-0.7500000000000002,-0.5838926174496641,1.4370370370370364,-0.4462474645030425,-0.6573787409700722,-0.02712716496680551,-0.43221684292996226,-0.7717293752365385,-0.3087814958319524
65,-0.2655367231638418,-0.5171102661596965,-0.44256756756756777,0.575539568345324,-0.32558139534883684,0.0,0.06146572104018908,0.30838323353293423,0.17910447761194015,0.7499999999999999,-0.030201342281879144,0.6666666666666663,-0.3894523326572008,0.009287925696594427,0.3619969671811502,-0.6582708581476154,-0.2564843846201071,0.028885092038843787
66,-0.2542372881355932,0.045627376425854495,-0.5777027027027029,-1.8992805755395674,-1.0465116279069766,-1.0526315789473684,0.591016548463357,0.6257485029940122,-0.4776119402985076,1.0357142857142854,0.20469798657718127,0.4592592592592595,0.32454361054766767,-0.3539731682146543,0.29773836276225973,0.2433428342522066,-0.01263181837298095,-0.08793516351890848
67,-0.24293785310734464,-0.5171102661596965,-0.4695945945945948,-1.2661870503597115,0.023255813953488698,-1.0526315789473684,-0.23167848699763605,-0.08083832335329329,-0.4179104477611941,-0.735714285714286,-0.003355704697986505,0.4592592592592595,0.5679513184584181,-0.33746130030959753,0.023358667283019774,0.9554964667886666,-0.16840191839605534,-0.426714316776905
68,-0.23163841807909605,0.22053231939163412,-0.6250000000000002,0.0,-0.5813953488372092,0.631578947368421,0.1654846335697398,-0.4999999999999999,1.2537313432835824,-1.6214285714285719,-0.5100671140939596,0.16296296296296303,-0.689655172413793,0.15789473684210525,-0.9753245051461576,-0.5898342335301373,-0.4696954584958032,-0.7653935444220465
69,-0.22033898305084745,-0.6387832699619764,-0.45608108108108125,-1.7553956834532363,-0.6279069767441858,2.789473684210526,-0.4775413711583924,-0.5119760479041915,-1.1940298507462688,1.3499999999999999,-0.6174496644295299,0.9333333333333331,0.23529411764705888,0.09184726522187822,-0.5656247061804935,0.6426529326055647,-0.7176798826242764,2.0380514956927156
70,-0.20903954802259886,-0.5779467680608371,-0.17229729729729737,-0.4316546762589924,0.20930232558139497,0.2631578947368421,-1.1867612293144207,-0.6676646706586825,0.17910447761194015,-0.135714285714286,-0.5503355704697984,-0.17481481481481456,-0.7789046653144015,0.4055727554179567,-0.02402907092142222,0.45277180839147574,-0.39692704879322344,1.1407128563159137
71,-0.1977401129943503,0.6159695817490478,-0.239864864864865,0.8920863309352516,1.2790697674418603,-0.631578947368421,0.5626477541371161,0.4341317365269462,-0.7761194029850749,0.44999999999999996,-0.4395973154362414,1.1703703703703703,0.30831643002028425,-0.543859649122807,0.07311495053928743,0.5209257318720776,-0.6448750553354509,-0.19651821184467727
72,-0.1864406779661017,0.33460076045627307,-0.1385135135135137,-0.34532374100719315,1.0465116279069766,-0.5789473684210527,-0.44917257683215145,-0.17664670658682619,-0.4179104477611941,-0.7500000000000002,-0.31879194630872454,0.04444444444444447,0.0,-0.41589267285861714,0.09435648990055122,1.2156894322729963,-0.27033456321967025,-0.35829405236180906
73,-0.1751412429378531,-0.04562737642585585,-0.13175675675675694,0.6906474820143889,2.4418604651162785,2.1578947368421053,0.8936170212765957,0.45209580838323377,-0.7761194029850749,0.5785714285714283,-0.4496644295302011,1.0222222222222221,0.5841784989858014,0.6429308565531475,-0.14256091287039752,1.639532907456774,-0.6246267869625458,-0.1546319344971382
74,-0.1638418079096045,-0.8288973384030409,-0.5236486486486488,-0.17266187050359721,0.34883720930232553,0.15789473684210525,0.9692671394799055,0.0029940119760481065,-1.2537313432835824,0.13571428571428537,-0.4966442953020132,0.07407407407407411,0.28397565922920903,0.43859649122807015,-0.7008177246213433,0.4011736003850642,-0.43182555717634535,0.005017474820671389
75,-0.15254237288135594,-1.0570342205323189,0.010135135135134919,-1.2661870503597115,-0.8139534883720929,-0.05263157894736842,-0.7044917257683215,-0.338323353293413,0.0,-0.578571428571429,-0.2986577181208052,0.7851851851851849,-0.5192697768762675,-0.5067079463364293,0.08614626019807949,-0.008746533069388461,-0.4748763547167451,-0.06127275320565639
76,-0.14124293785310735,-0.015209125475286182,-0.6520270270270272,-1.8705035971223012,-0.8139534883720929,-0.631578947368421,-0.3829787234042554,-0.06287425149700598,-0.5970149253731346,-0.135714285714286,-0.030201342281879144,0.6666666666666663,-0.24340770791075036,-0.5810113519091847,0.2377100449781919,0.517545634713467,-0.2564843846201071,-0.0840989194911397
77,-0.12994350282485875,-0.9201520912547526,0.6925675675675675,-0.37410071942446,-0.34883720930232553,0.7368421052631579,-0.6004728132387708,-0.48802395209580823,0.5373134328358208,-0.8642857142857147,-0.6845637583892615,-0.014814814814814822,-0.2109533468559836,-0.35810113519091846,-0.39178907685364794,-0.1432694213445046,-0.5674582310868699,-0.08326486504321132
78,-0.11864406779661017,-0.5475285171102661,-0.5912162162162163,-1.179856115107913,-1.0930232558139532,2.0,-0.430260047281324,-0.17065868263473036,0.05970149253731316,1.721428571428571,-0.4328859060402683,0.2814814814814816,-0.38133874239350896,0.15789473684210525,0.08276163614862847,-0.3911471444731239,-0.4416395953360558,1.2447984107702816
79,-0.10734463276836158,-0.2661596958174913,1.3547297297297296,0.11510791366906481,0.8139534883720929,0.15789473684210525,0.44917257683215145,0.2485029940119761,0.5373134328358208,0.5642857142857141,-0.7114093959731541,0.6666666666666663,0.28397565922920903,-0.434468524251806,-0.08434156219365666,0.6340826468725489,-0.7365046042097367,-0.005855614721555466
80,-0.096045197740113,-0.7984790874524712,-0.6385135135135136,-1.0359712230215818,-0.11627906976744184,-0.631578947368421,0.06146572104018908,0.07485029940119761,-0.23880597014925398,-0.1785714285714289,-0.7348993288590602,1.229629629629629,0.2758620689655175,-0.8163054695562435,-0.008815205842397639,0.5912269908456661,-0.834448272480316,-0.2328120524846482
81,-0.0847457627118644,-0.25095057034220514,-0.03716216216216227,-0.46043165467625796,-0.16279069767441842,-0.631578947368421,-0.14657210401891235,0.23652694610778446,-0.4776119402985076,0.30714285714285694,-0.26510067114093944,0.5777777777777774,0.2920892494929009,0.08359133126934984,0.48845331684461524,0.10033983499150559,-0.39815845504247127,-0.11782013043321901
82,-0.07344632768361582,-0.7376425855513306,-0.4966216216216218,0.4316546762589924,1.0465116279069766,-1.0526315789473684,-0.3356973995271868,-0.3323353293413172,0.35820895522388063,-0.2214285714285718,-0.8355704697986573,1.0222222222222221,-0.04868154158214979,-0.08978328173374613,-0.3398840780590851,0.6229847638397534,-0.8716495828394251,0.20288292026864965
83,-0.062146892655367235,0.0,1.3479729729729728,-0.11510791366906481,0.6976744186046511,-0.6842105263157895,-0.6666666666666669,-0.3263473053892214,1.6119402985074627,0.09285714285714279,0.03691275167785245,-0.37037037037037024,-0.6247464503042597,-0.32714138286893707,0.059641998528592574,0.6931932633546056,0.26373400956376525,0.43126579859141384
84,-0.05084745762711865,-0.9201520912547526,-0.6587837837837839,0.6330935251798564,-0.34883720930232553,-0.21052631578947367,-0.14657210401891235,0.044910179640718674,-0.7164179104477614,1.1357142857142857,-0.5503355704697984,-0.5185185185185182,0.24340770791075073,-0.31682146542827655,0.15377157450959025,-0.7063895691423001,-0.2578317889253158,0.5077660939183876
85,-0.03954802259887006,-0.28897338403041856,-0.5979729729729731,-0.34532374100719315,-0.34883720930232553,0.05263157894736842,-0.14657210401891235,-0.11676646706586817,-0.23880597014925398,-0.135714285714286,-0.6946308724832212,0.7851851851851849,0.30831643002028425,-0.4613003095975232,-0.12861614558558715,-0.1618006700159943,-0.7448288601306708,-0.02671514216413534
86,-0.02824858757062147,-0.6768060836501899,-0.17229729729729737,-0.14388489208633037,0.7674418604651163,-0.42105263157894735,-0.5437352245862884,-0.2664670658682634,0.5373134328358208,0.007142857142856991,-0.751677852348993,1.0814814814814813,-0.4219066937119676,-0.3684210526315789,0.02697302560708215,0.7815714080970744,-0.8258627428708548,0.2665192754991101
87,-0.01694915254237288,-1.0646387832699613,-0.13175675675675694,0.7482014388489212,1.511627906976744,-0.5263157894736842,-0.41134751773049655,-0.31437125748502975,0.35820895522388063,-0.3071428571428573,-0.7013422818791943,1.1703703703703703,0.34888438133874256,-0.2301341589267286,-0.2281928074984864,0.8091023533850684,-0.8062611805980672,0.11039292584377869
88,-0.005649717514124294,-1.0722433460076037,0.13175675675675666,0.287769784172662,0.48837209302325607,-0.7368421052631579,-0.3829787234042554,-0.2664670658682634,0.8358208955223879,-0.292857142857143,-0.6342281879194629,0.10370370370370376,-0.024340770791074894,0.013415892672858616,-0.1634789432876972,0.22120895333770904,-0.5563198002901326,0.052809540321542316
89,0.005649717514124294,-0.7376425855513306,-0.36148648648648657,-0.17266187050359721,0.9534883720930234,-1.4736842105263157,-0.14657210401891235,-0.3263473053892214,0.4776119402985073,-0.2500000000000004,-0.9899328859060399,0.3111111111111113,0.34888438133874256,-0.1001031991744066,-0.49467430126452056,0.9825143575706297,-0.8866256063912124,0.17166512365216166
90,0.01694915254237288,-0.7376425855513306,-0.023648648648648744,-0.11510791366906481,-0.2325581395348837,-0.8947368421052632,-0.7139479905437353,-0.3802395209580837,1.0746268656716418,0.12142857142857107,-0.7684563758389259,0.3407407407407409,-0.4137931034482757,-0.3993808049535604,-0.0004961587900740851,-0.1934670460209626,-0.7189012889767322,0.5593353939373072
91,0.02824858757062147,-0.7984790874524712,-0.239864864864865,0.17266187050359721,0.5813953488372092,-0.631578947368421,-0.855791962174941,-0.529940119760479,0.9552238805970149,0.10714285714285676,-0.36577181208053666,0.251851851851852,-0.1054766734279918,-0.4613003095975232,-0.17405831402527372,0.380847101276486,-0.37944533714434997,0.9216510898967831
92,0.03954802259887006,-0.27376425855513375,-0.22635135135135148,-0.287769784172662,0.27906976744186024,-0.9473684210526315,-0.9219858156028371,-0.404191616766467,1.432835820895522,0.09285714285714279,-0.5503355704697984,-0.014814814814814822,-0.5841784989858011,-0.3684210526315789,0.27669976350056447,0.41601378088049223,-0.45021193668889475,0.5872928097093472
93,0.05084745762711865,-0.5779467680608371,0.652027027027027,-0.40287769784172556,-0.34883720930232553,-0.5263157894736842,0.08983451536643046,0.06886227544910192,-0.5373134328358211,0.6214285714285712,-0.8523489932885904,0.5481481481481477,0.4219066937119676,-0.7915376676986584,-0.0445187220139486,-0.1245712245619873,-0.8181358156358304,0.20007725592329093
94,0.062146892655367235,-1.0874524714828897,0.0844594594594593,-0.23021582733812962,-0.34883720930232553,0.0,0.628841607565012,0.07485029940119761,-1.0149253731343286,-0.292857142857143,-0.48322147651006686,0.5777777777777774,0.14604462474645044,-0.6780185758513931,-0.4357307603702165,-0.23430011728583147,-0.5558345344476352,-0.2936918681357747
95,0.07344632768361582,-0.44106463878326957,-0.23310810810810825,-0.46043165467625796,-0.11627906976744184,3.3684210526315788,0.13711583924349885,0.08083832335329355,-0.11940298507462699,2.464285714285714,-0.7013422818791943,0.5777777777777774,-0.12170385395537518,0.543859649122807,-0.06837331800619453,0.1470910138412346,-0.7135106138527991,1.1640377754515958
96,0.0847457627118644,-0.9429657794676799,0.17229729729729723,1.0935251798561156,0.4651162790697674,1.894736842105263,-0.7139479905437353,-0.68562874251497,-1.1940298507462688,0.007142857142856991,-0.7348993288590602,-0.04444444444444447,-0.4219066937119676,-0.1001031991744066,-0.7339196956886186,-0.25899550665047366,-0.6037120276057846,1.3890339223765902
97,0.096045197740113,-0.5779467680608371,-0.3074324324324326,-1.0935251798561143,-0.8139534883720929,-0.6842105263157895,0.18439716312056725,0.21856287425149715,-0.29850746268656747,0.30714285714285694,-0.6006711409395971,0.7851851851851849,-0.03245436105476641,-0.5067079463364293,0.0981964994548523,-0.13861084456661277,-0.6807723334222817,-0.10338151268688242
98,0.10734463276836158,-0.5171102661596965,-0.5371621621621623,-0.74820143884892,-0.2325581395348837,-0.5263157894736842,1.1016548463356977,0.9670658682634732,-0.5970149253731346,0.5642857142857141,-0.06375838926174479,0.22222222222222232,-0.008113590263691512,-0.02786377708978328,0.2936585018332732,0.23614078025609117,-0.1266571613184809,-0.4267141081012578
99,0.11864406779661017,-0.5779467680608371,0.8817567567567566,-0.4316546762589924,-0.34883720930232553,-0.5263157894736842,0.4680851063829789,0.5119760479041919,0.6567164179104478,1.792857142857143,-0.8020134228187917,1.3481481481481474,0.04056795131845864,-0.5521155830753354,0.2563415034701402,-0.10570381340551682,-0.8884404501575859,0.2952798006145154
100,0.12994350282485875,-0.7376425855513306,0.14527027027027017,-1.8992805755395674,-0.4651162790697674,-0.05263157894736842,-0.11820330969267141,0.020958083832335415,-0.4776119402985076,-0.2214285714285718,-0.46644295302013405,0.9037037037037035,0.14604462474645044,0.07533539731682147,0.08140416549614697,0.9996118027747354,-0.6130410041191523,-0.2114550407438751
101,0.14124293785310735,-0.34220532319391683,-0.3547297297297298,-1.323741007194244,-0.2325581395348837,-0.5263157894736842,-0.855791962174941,-0.464071856287425,-0.29850746268656747,-0.292857142857143,-0.751677852348993,0.22222222222222232,-0.008113590263691512,-0.2301341589267286,0.0004954846877696607,0.7130259773837841,-0.6813223677224134,0.3861695438789852
102,0.15254237288135594,-0.5399239543726237,0.39527027027027023,0.287769784172662,0.34883720930232553,0.0,0.19385342789598117,-0.014970059880239469,0.0,-0.3500000000000002,-0.6342281879194629,-0.4888888888888885,0.4868154158215011,-0.48606811145510836,-0.2611486869761785,0.09577895527602376,-0.35934626371122297,-0.25326164500259446
103,0.1638418079096045,-0.9353612167300375,-0.09797297297297314,-1.3812949640287764,0.0,-0.631578947368421,0.13711583924349885,-0.29640718562874246,0.17910447761194015,-0.1928571428571432,-0.8825503355704695,-0.07407407407407411,-0.2758620689655171,-0.5335397316821465,-0.6482094682290376,1.0398391759875303,-0.727549328647495,0.16810355758033999
104,0.1751412429378531,-0.4106463878326999,-0.09121621621621637,-1.0935251798561143,0.2325581395348837,-0.6842105263157895,-0.14657210401891235,-0.1287425149700598,-0.11940298507462699,-0.1071428571428574,-0.5872483221476508,0.22222222222222232,0.640973630831643,-0.0030959752321981426,-0.14953375448152603,1.0301685676473618,-0.5487438549722052,0.004682541151929833
105,0.1864406779661017,-0.47908745247148304,0.4628378378378376,-0.2589928057553952,0.5813953488372092,-0.42105263157894735,-0.6382978723404257,-0.17664670658682619,1.91044776119403,-0.1928571428571432,-0.6677852348993285,-0.31111111111111095,0.4219066937119676,-0.739938080495356,0.3624492706063043,0.6897754725520572,-0.46077784348010853,0.0062403504593789485
106,0.1977401129943503,-0.6083650190114068,-0.09121621621621637,-0.6906474820143875,-0.11627906976744184,-0.9473684210526315,-0.6666666666666669,-0.06287425149700598,0.17910447761194015,0.10714285714285676,-0.4328859060402683,0.10370370370370376,0.31643002028397577,-0.33746130030959753,0.6732250998423771,0.3146895004730504,-0.3874851293222778,0.059928321891570775
107,0.20903954802259886,-0.25095057034220514,-0.07770270270270285,-0.23021582733812962,0.6976744186046511,-0.7368421052631579,-0.9219858156028371,-0.2245508982035927,0.8358208955223879,0.10714285714285676,-0.46644295302013405,-0.25185185185185166,-0.29208924949290055,-0.3828689370485036,0.7769033193893805,0.7806925976134517,-0.2889983818173846,0.27178110570693714
108,0.22033898305084745,-0.631178707224334,-0.38851351351351365,-1.2086330935251792,-0.11627906976744184,-0.3157894736842105,0.004728132387706756,-0.05688622754491003,0.29850746268656714,0.7499999999999999,-0.6677852348993285,-0.31111111111111095,0.1947261663286006,-0.7461300309597523,-0.1686786233648758,0.7423247882507801,-0.46077784348010853,0.4325385942014907
109,0.23163841807909605,-1.0950570342205321,-0.3479729729729731,0.9784172661870508,0.11627906976744184,-0.21052631578947367,0.36406619385342814,0.47005988023952106,-0.29850746268656747,1.3357142857142859,-0.6845637583892615,-0.014814814814814822,0.3894523326572008,0.013415892672858616,0.2944694335714201,-0.484915342548705,-0.5674582310868699,0.14554989368810248
110,0.24293785310734464,-1.20912547528517,1.2668918918918919,-1.5539568345323729,0.0,0.47368421052631576,0.7801418439716314,0.26646706586826363,-0.5970149253731346,2.892857142857143,-0.6006711409395971,-0.6370370370370367,0.024340770791075255,-0.2301341589267286,-0.29082602099454824,1.2156888646262891,-0.2561696368064597,1.0654265504193443
111,0.2542372881355932,-0.4030418250950575,0.38175675675675674,-0.5467625899280572,0.34883720930232553,-0.5263157894736842,0.18439716312056725,0.08083832335329355,-0.4776119402985076,-0.47857142857142887,-0.902684563758389,-0.19259259259259237,0.0,-0.7192982456140351,-0.10933900567622838,0.6824673855238003,-0.7189014047754263,-0.39671151032958457
112,0.2655367231638418,-0.9809885931558933,0.5506756756756757,1.611510791366906,0.11627906976744184,0.2631578947368421,-0.5721040189125296,-0.06287425149700598,1.552238805970149,-0.7214285714285716,-0.2986577181208052,0.7851851851851849,-0.227180527383367,-0.13725490196078433,0.511462374659131,-0.7719214906813722,-0.4748763547167451,-0.4314587369435592
113,0.2768361581920904,-1.2471482889733831,-0.7601351351351353,0.40287769784172683,0.34883720930232553,-0.5263157894736842,0.11820330969267141,-0.07485029940119761,0.4776119402985073,-0.1642857142857146,-0.5402684563758386,0.4000000000000002,-0.38133874239350896,-0.49432404540763675,-0.2927518035564277,0.02553818445778816,-0.5563197286633677,-0.08890404859689274
114,0.288135593220339,-0.7376425855513306,-0.32094594594594616,0.40287769784172683,0.6976744186046511,-0.7368421052631579,0.19385342789598117,0.09281437125748518,0.5373134328358208,-0.735714285714286,-0.6006711409395971,-0.10370370370370342,0.3326572008113592,-0.5954592363261094,-0.09936404533030678,0.334095981696413,-0.46675882223750675,-0.5399693274676308
115,0.2994350282485876,-1.5361216730038019,-0.239864864864865,-0.46043165467625796,0.4651162790697674,-0.6842105263157895,0.09929078014184396,0.020958083832335415,1.0746268656716418,0.6499999999999995,-0.9362416107382547,2.2074074074074064,0.0730223123732254,-0.5500515995872033,-0.12793580063280952,0.7314807494628395,-1.0315580035683456,0.27200643573315564
116,0.3107344632768362,-0.9353612167300375,-0.26689189189189205,-1.064748201438848,0.30232558139534893,-0.631578947368421,-0.3546099290780142,-0.32035928143712555,-0.23880597014925398,-0.03571428571428591,-0.9194630872483218,-0.04444444444444447,0.4462474645030428,-0.3684210526315789,-0.29828128942547977,1.0809396802676914,-0.7666226664566721,0.32357208756174466
117,0.3220338983050847,-0.47908745247148304,-0.17229729729729737,-0.4892086330935248,0.6976744186046511,0.5263157894736842,-0.3356973995271868,-0.026946107784431097,0.0,0.07857142857142849,-0.8825503355704695,0.2814814814814816,0.14604462474645044,-0.6780185758513931,0.24685482480206733,0.9892526492776639,-0.7973604631078542,0.003825412940213059
118,0.3333333333333333,-0.21292775665399305,1.0574324324324325,-1.0935251798561143,-0.8139534883720929,-0.9473684210526315,-0.6855791962174943,-0.529940119760479,0.5373134328358208,-1.035714285714286,-0.4328859060402683,-0.7851851851851849,-0.5354969574036509,-0.6222910216718266,-0.3931022661479733,-0.13861084456661277,0.022541342990408983,-0.17905558354877246
119,0.3446327683615819,-0.7984790874524712,1.0574324324324325,-1.0359712230215818,-0.11627906976744184,-0.5789473684210527,-0.3356973995271868,-0.29640718562874246,0.17910447761194015,0.44999999999999996,-1.1442953020134223,-0.10370370370370342,0.21906693711967548,-0.2260061919504644,-0.27085597184012605,0.5912269908456661,-0.9569239591210363,0.640014854533153
120,0.3559322033898305,-1.2167300380228137,0.3614864864864863,0.17266187050359721,0.11627906976744184,-0.10526315789473684,0.5153664302600472,0.3922155688622756,-0.11940298507462699,0.39285714285714274,-0.48322147651006686,-0.4888888888888885,0.49492900608519297,-0.1001031991744066,0.056036093063440665,-0.04416363310164587,-0.20106379924943552,-0.19296186327971654
121,0.3672316384180791,-1.1330798479087443,0.12499999999999974,2.5035971223021574,2.093023255813953,1.105263157894737,0.7801418439716314,1.7634730538922159,0.7761194029850744,0.44999999999999996,0.4395973154362417,-0.10370370370370342,0.7383367139959434,-0.43034055727554177,1.518086951386389,0.24334409860241224,0.471211501428507,-0.6879424479415929
122,0.3785310734463277,-0.47908745247148304,1.733108108108108,1.0647482014388487,1.6279069767441858,0.21052631578947367,-0.14657210401891235,-0.0029940119760478406,0.5373134328358208,0.22142857142857117,-0.8758389261744963,-0.13333333333333308,0.2758620689655175,-0.6367389060887513,0.07010113892583401,0.6976593664491555,-0.7080263715529521,0.05968970056573609
123,0.3898305084745763,0.0,2.6587837837837838,-0.661870503597122,0.4651162790697674,-0.631578947368421,0.2505910165484635,0.30838323353293423,-0.23880597014925398,0.6499999999999995,-0.7013422818791943,-0.696296296296296,0.2596348884381341,-0.6057791537667698,0.16965954626620947,0.8966462216124808,-0.3420003603368698,-0.016545037504481715
124,0.4011299435028249,-0.8973384030418253,1.6520270270270265,0.08633093525179925,0.34883720930232553,-0.8421052631578947,0.4775413711583924,0.5359281437125749,-0.7761194029850749,1.9357142857142857,-0.6342281879194629,-0.6370370370370367,0.6977687626774851,-0.6057791537667698,0.2800820070076326,0.2243577697832679,-0.29368844007083883,0.3307031595505952
125,0.4124293785310734,-0.745247148288973,0.1993243243243243,-0.5467625899280572,0.34883720930232553,-0.6842105263157895,0.23167848699763605,0.30838323353293423,0.17910447761194015,-0.292857142857143,-0.6476510067114092,-0.31111111111111095,0.40567951318458423,-0.6099071207430341,0.18756172210966435,0.6824673855238003,-0.4411459081913677,-0.44488625891297706
126,0.423728813559322,-0.4714828897338406,-0.22635135135135148,-0.20143884892086278,0.4651162790697674,-0.631578947368421,0.36406619385342814,0.6077844311377246,0.29850746268656714,0.30714285714285694,-0.2516778523489931,-0.8148148148148145,0.04868154158215015,-0.6635706914344686,0.48761379578871866,0.5339622089158604,0.26256841333800535,-0.35464403894165974
127,0.4350282485875706,-0.9581749049429661,0.17905405405405384,1.2086330935251792,2.093023255813953,-0.3157894736842105,-0.21276595744680862,0.06287425149700625,1.432835820895522,0.29285714285714265,-0.5671140939597313,0.014814814814814822,-0.2758620689655171,-0.4282765737874097,0.26214046520170814,0.9778498717904149,-0.47393314927670593,0.030275716954805163
128,0.4463276836158192,-0.5171102661596965,-0.158783783783784,-0.17266187050359721,1.1627906976744184,-0.5263157894736842,-0.12765957446808493,0.1886227544910182,0.35820895522388063,0.49285714285714255,-0.86241610738255,-0.22222222222222202,0.0,-0.6842105263157895,0.3816981431030607,1.1837476965964027,-0.6739350471786535,0.012726229365690431
129,0.4576271186440678,-0.7680608365019016,1.64527027027027,0.057553956834532405,0.5813953488372092,-0.9473684210526315,-0.24113475177304958,-0.2305389221556885,0.4776119402985073,-0.292857142857143,-0.7013422818791943,-0.5185185185185182,-0.17038539553752532,-0.19298245614035087,-0.24017676786710118,0.4594204813407716,-0.41811782635045097,0.005706197035335895
130,0.4689265536723164,-0.14448669201520994,-0.3479729729729731,-0.11510791366906481,-0.34883720930232553,1.263157894736842,-0.7990543735224587,-0.529940119760479,-0.7761194029850749,-0.8785714285714289,-0.197986577181208,-0.6074074074074071,-1.2089249492900607,-0.08978328173374613,-0.25287544968808734,-0.3042995846929083,0.173815621973965,-0.027708415950008572
131,0.480225988700565,-0.12927756653992378,0.7601351351351352,0.11510791366906481,0.11627906976744184,0.3157894736842105,-0.9976359338061466,-0.5479041916167664,-0.5970149253731346,-1.035714285714286,0.23825503355704722,-0.6666666666666663,-1.103448275862069,-0.2961816305469556,0.0017159687921609254,-0.008746086660778633,0.7091789939708781,-0.15097405311478673
132,0.4915254237288136,-0.18250950570342203,0.30067567567567555,0.11510791366906481,1.0465116279069766,0.0,-1.1394799054373523,-0.6257485029940119,-0.4179104477611941,-1.035714285714286,0.3389261744966445,-0.9037037037037031,-1.152129817444219,-0.23426212590299278,0.023262979113186245,0.848358891383658,1.0859798381162797,-0.011425179730828955
133,0.5028248587570622,-0.2661596958174913,1.1385135135135132,0.0,0.4651162790697674,0.42105263157894735,-0.6193853427895982,-0.559880239520958,-1.0149253731343286,-1.0214285714285718,0.10402684563758405,-0.5481481481481477,-1.2089249492900607,-0.15170278637770898,-0.5334336172387942,0.3907519632397287,0.45957377950817363,-0.11714087329735719
134,0.5141242937853108,-0.4106463878326999,-0.4222972972972974,-0.3165467625899276,-0.4651162790697674,-0.6842105263157895,-0.3356973995271868,-0.931137724550898,1.552238805970149,-0.43571428571428594,0.25503355704698005,-0.6370370370370367,-1.0304259634888437,-0.048503611971104234,-1.4903525150417376,-0.29444785711507643,0.7005598464352087,2.385540095938834
135,0.5254237288135594,-0.34220532319391683,0.40202702702702686,-0.46043165467625796,-0.2325581395348837,-0.21052631578947367,-0.6950354609929078,-0.8832335329341315,1.7313432835820897,-0.8785714285714289,0.808724832214765,-0.696296296296296,-0.9736308316430019,0.04437564499484004,-1.2202055920054702,0.030213066716913442,1.392601782014912,1.1284487737605087
136,0.536723163841808,-0.6083650190114068,1.9290540540540537,0.5179856115107916,0.34883720930232553,-0.47368421052631576,-0.9219858156028371,-0.997005988023952,1.1343283582089554,-1.0785714285714287,-0.28187919463087224,-0.6370370370370367,-1.2251521298174441,0.09597523219814241,-1.37397197093253,-0.04249027948912819,0.10025899420514228,1.6063687217006961
137,0.5480225988700564,-0.3954372623574151,2.4628378378378377,0.8057553956834537,1.2790697674418603,-0.10526315789473684,-0.5342789598108747,-0.9191616766467064,1.7313432835820897,-0.6500000000000001,0.10402684563758405,-0.42962962962962953,-0.8843813387423934,-0.32714138286893707,-1.3863604970969643,0.5756438555631853,0.3715841935939307,1.8320245017397396
138,0.559322033898305,0.33460076045627307,1.1655405405405403,-0.4892086330935248,0.0,-0.5263157894736842,-0.6950354609929078,-0.9910179640718562,1.432835820895522,-0.9642857142857145,0.3389261744966445,-0.4592592592592588,-0.7789046653144015,-0.19298245614035087,-1.4758652146835263,0.2847828324562469,0.6359443252731349,1.8320231879661188
139,0.5706214689265536,-0.1596958174904948,0.7398648648648647,0.7194244604316544,1.0465116279069766,0.15789473684210525,-0.03309692671394813,-0.9191616766467064,1.1343283582089554,-1.0642857142857145,0.07718120805369141,-0.22222222222222202,-0.511156186612576,-0.17234262125902994,-1.5625542862544677,0.43458423293104037,0.21134027170127306,1.000762369824649
140,0.5819209039548022,-0.0912547528517117,0.6385135135135134,0.9784172661870508,0.34883720930232553,-0.10526315789473684,-0.7706855791962175,-0.9790419161676646,1.1343283582089554,-1.1500000000000004,-0.030201342281879144,-0.5777777777777774,-0.38133874239350896,-0.15170278637770898,-1.4105668934530031,-0.2944475608319923,0.3368224158624975,1.2587394129081568
141,0.5932203389830508,0.23574144486691895,0.4695945945945945,-0.02877697841726556,0.11627906976744184,-0.47368421052631576,-0.9030732860520096,-0.9790419161676646,0.17910447761194015,-1.3071428571428574,0.3053691275167785,-0.7851851851851849,-0.2515212981744419,0.21981424148606812,-1.3358612153103346,0.08243525518167505,0.9069130499964387,0.8803719479518418
142,0.6045197740112994,0.3574144486692003,0.8817567567567566,1.0359712230215832,0.9302325581395348,-0.05263157894736842,-0.7612293144208038,-0.967065868263473,0.9552238805970149,-1.435714285714286,-0.11409395973154356,-0.22222222222222202,-0.5841784989858011,-0.31682146542827655,-1.3856971112152574,0.14881019327774783,0.03112351035785938,0.4980357334315053
143,0.615819209039548,0.4334600760456258,2.0844594594594597,-0.02877697841726556,0.11627906976744184,-0.3157894736842105,-0.3356973995271868,-0.7994011976047903,0.7761194029850744,-0.7642857142857146,-0.09731543624161045,-0.16296296296296273,-0.592292089249493,-0.2549019607843137,-1.237249458905554,0.08243525518167505,0.016357373998578208,0.8717743319911806
144,0.6271186440677966,-0.6083650190114068,1.3614864864864862,-0.46043165467625796,-0.2325581395348837,0.7368421052631579,-0.9219858156028371,-0.8113772455089819,-0.29850746268656747,-0.5928571428571433,1.1812080536912755,-0.9333333333333328,-0.6328600405679512,0.3746130030959752,-0.8570949631807531,0.030213066716913442,2.2099694333165907,1.1925930593541416
145,0.6384180790960452,0.08365019011406792,1.1520270270270268,-0.6043165467625896,0.34883720930232553,0.21052631578947367,-0.8085106382978724,-0.9491017964071855,0.5373134328358208,-0.3642857142857145,-0.23154362416107363,-1.081481481481481,-0.8924949290060852,0.32301341589267285,-1.3139474953171126,0.7287626045716682,0.531724606433157,2.7440669772585444
146,0.6497175141242938,0.631178707224334,2.14527027027027,-0.37410071942446,0.11627906976744184,-0.9473684210526315,-1.3002364066193854,-1.0748502994011975,0.35820895522388063,-1.2500000000000002,0.0704697986577184,-1.1407407407407404,-1.176470588235294,-0.5335397316821465,-1.359340402345078,0.3179529737153242,1.0330531394217572,2.118662232267892
147,0.6610169491525424,-0.13688212927756754,1.8547297297297298,0.34532374100719443,0.4651162790697674,-0.631578947368421,-0.6193853427895982,-0.8892215568862275,0.7761194029850744,-0.9928571428571432,0.993288590604027,-1.2592592592592586,-0.7464503042596347,-0.1001031991744066,-1.2778543048963646,0.16405739625579413,2.6421558483625143,0.954458935373689
148,0.672316384180791,0.2053231939163493,0.9290540540540541,0.057553956834532405,0.4651162790697674,-0.3157894736842105,-0.4018912529550828,-0.8233532934131735,0.6567164179104478,-0.43571428571428594,1.2516778523489933,-1.229629629629629,-0.9411764705882351,-0.048503611971104234,-1.2515558185946531,0.3513820391084138,2.9636237546903477,1.5076673121218038
149,0.6836158192090396,0.022813688212927247,1.3749999999999998,0.0,0.4651162790697674,0.7894736842105263,-0.8936170212765959,-0.4461077844311377,0.0,-0.5928571428571433,1.580536912751678,-1.17037037037037,-1.176470588235294,-0.2549019607843137,0.11067478843307897,0.3907519632397287,3.296266676289052,0.08948924279024462
150,0.6949152542372882,0.3422053231939155,0.8479729729729729,0.7482014388489212,1.0465116279069766,1.3157894736842106,-0.9030732860520096,-0.338323353293413,-0.7164179104477614,-0.43571428571428594,1.3120805369127515,-1.1111111111111107,-1.2008113590263692,-0.35810113519091846,0.42271159009773607,0.4165351741336809,2.7574154677454206,0.04827211671111604
151,0.7062146892655368,-0.19771863117870822,0.5439189189189187,0.34532374100719443,0.5813953488372092,0.7368421052631579,-0.8274231678486998,-0.464071856287425,-0.5970149253731346,-0.42142857142857165,2.050335570469799,-1.4370370370370364,-1.0628803245436105,-0.3993808049535604,-0.0432501552107056,0.26773945144506817,4.987078370926882,0.2723556571371502
152,0.7175141242937854,0.045627376425854495,0.023648648648648445,1.1223021582733812,1.3953488372093021,0.9473684210526315,-0.14657210401891235,-0.5119760479041915,-0.4776119402985076,0.007142857142856991,0.808724832214765,-1.0518518518518514,-1.176470588235294,-0.5128998968008256,-0.818897239151576,0.4743496993001066,1.93099107255477,0.7750335605868053
153,0.7288135593220338,0.13688212927756618,0.9695945945945943,-0.23021582733812962,-0.2325581395348837,0.0,-0.524822695035461,-0.7814371257485029,1.6119402985074627,0.44999999999999996,1.9563758389261743,-1.1999999999999993,-1.0304259634888437,0.0030959752321981426,-1.096636708884728,-0.12152314896368942,3.9419140656847955,2.5538118566369676
154,0.7401129943502824,-0.35741444866920163,-0.38851351351351365,-0.74820143884892,0.11627906976744184,0.2631578947368421,-0.8274231678486998,-0.931137724550898,1.1343283582089554,-0.2214285714285718,0.9765100671140938,-1.1407407407407404,-0.9979716024340769,-0.06914344685242518,-1.2559058622394976,0.6034714632673664,2.3429763621599347,2.8303295583213184
155,0.751412429378531,0.09125475285171035,2.246621621621622,-0.11510791366906481,0.5813953488372092,-0.2631578947368421,-0.5815602836879433,-0.9011976047904191,1.6119402985074627,-0.007142857142857308,1.0771812080536913,-1.081481481481481,-1.0547667342799187,0.10629514963880289,-1.3245264370574885,0.5823607246826594,2.3607656558921035,2.9103451728882965
156,0.7627118644067796,0.6007604562737631,1.5236486486486487,0.057553956834532405,0.0,-0.47368421052631576,-0.524822695035461,-0.7814371257485029,0.8358208955223879,0.007142857142856991,1.4496644295302012,-1.17037037037037,-0.9249492900608519,-0.3993808049535604,-1.096636708884728,-0.08077172982101655,3.1037360563925227,1.9114569420356273
157,0.7740112994350282,-0.45627376425855576,0.787162162162162,0.8057553956834537,1.7441860465116277,-0.05263157894736842,-0.430260047281324,-0.931137724550898,1.7313432835820897,-0.5928571428571433,0.9429530201342282,-0.8740740740740736,-0.8519269776876267,0.4262125902992776,-1.4552329707125538,0.9652370421588775,1.8056840948437771,2.0593611568583454
158,0.7853107344632768,0.9809885931558919,-0.1250000000000002,0.9784172661870508,1.2790697674418603,0.0,0.42080378250591005,-0.49401197604790403,1.1343283582089554,1.635714285714286,2.7885906040268456,-1.17037037037037,-0.6653144016227179,-0.02786377708978328,-1.08111430295657,0.4674235660348594,5.073472398410863,2.2236989898855968
159,0.7966101694915254,0.32699619771863064,-0.13175675675675694,0.8057553956834537,0.6976744186046511,-0.47368421052631576,0.23167848699763605,-0.619760479041916,1.0746268656716418,1.0499999999999998,2.3691275167785233,-1.17037037037037,-0.8113590263691682,-0.11042311661506708,-1.1841508033364023,0.08865237231857041,4.456387078229679,2.2593845484532142
160,0.807909604519774,-0.5247148288973389,1.3277027027027026,0.057553956834532405,0.34883720930232553,-0.5263157894736842,-0.05200945626477557,-0.7275449101796406,0.9552238805970149,-0.735714285714286,0.993288590604027,-1.1999999999999993,-0.9736308316430019,-0.31682146542827655,-1.23724939888114,0.243343596876056,2.499785717600749,0.6231436678441571
161,0.8192090395480226,0.4866920152091241,0.9425675675675673,0.5179856115107916,0.11627906976744184,0.47368421052631576,-0.49645390070921985,-0.9431137724550896,0.9552238805970149,-1.0785714285714287,0.3993288590604028,-0.014814814814814822,-0.7789046653144015,0.013415892672858616,-1.453512410911841,-0.24495602698407287,0.3793055961767793,1.1358933598612861
162,0.8305084745762712,-0.15209125475285237,0.9493243243243242,0.6330935251798564,0.5813953488372092,0.42105263157894735,-0.6666666666666669,-0.9191616766467064,1.552238805970149,-0.8500000000000003,0.2986577181208055,-0.2814814814814813,-0.5436105476673427,-0.21362229102167182,-1.3209199794274238,0.09091741035562549,0.4605692126407351,1.430725541504868
163,0.8418079096045198,-0.06844106463878309,1.0709459459459458,-0.02877697841726556,-0.2325581395348837,0.42105263157894735,-0.9125295508274234,-0.8592814371257484,0.35820895522388063,-0.8785714285714289,0.19798657718120827,-0.8444444444444439,-0.8356997971602433,0.0030959752321981426,-0.9988792744206791,-0.24581771222317308,0.8407033116794619,0.9884782576607296
164,0.8531073446327684,0.5551330798479072,0.6047297297297295,-0.17266187050359721,0.5813953488372092,-0.42105263157894735,-0.950354609929078,-0.8712574850299399,0.4179104477611938,-0.7500000000000002,1.6409395973154361,-0.7851851851851849,-0.8924949290060852,-0.12074303405572756,-0.9986340621029365,0.6247661993025897,2.5068218653982566,1.2840327349055678
165,0.864406779661017,0.5171102661596951,1.685810810810811,-0.287769784172662,0.6976744186046511,-0.5263157894736842,-1.0165484633569741,-0.997005988023952,1.0746268656716418,-0.578571428571429,0.6476510067114095,-0.5481481481481477,-0.8356997971602433,-0.31682146542827655,-1.3127491877035211,0.8256037598164452,1.0440013218662214,2.8871094937409847
166,0.8757062146892656,0.304182509505702,1.239864864864865,0.6906474820143889,0.8139534883720929,0.6842105263157895,-0.6193853427895982,-0.7275449101796406,0.5373134328358208,-0.135714285714286,2.0100671140939594,-0.34074074074074057,-0.9898580121703853,0.04437564499484004,-0.9124114218644664,0.25497866777750083,2.191381083690008,1.4082942625931296
167,0.8870056497175142,-0.17490494296577963,1.0168918918918919,-0.17266187050359721,0.0,-0.5263157894736842,-0.8274231678486998,-0.8832335329341315,0.35820895522388063,-0.8357142857142861,1.8691275167785233,-0.7259259259259256,-0.8356997971602433,0.023735810113519093,-1.131530917928852,0.06578470200877587,2.6656069446394812,1.2066239077288827
168,0.8983050847457628,0.40304182509505615,0.483108108108108,0.949640287769784,1.1627906976744184,0.3684210526315789,-0.7612293144208038,-0.7754491017964071,0.29850746268656714,-0.02142857142857161,1.3322147651006713,-0.6666666666666663,-0.7951318458417849,0.15789473684210525,-0.9106650513528461,0.38953710609589554,1.9488205119243085,1.8320260031966473
169,0.9096045197740112,0.26615969581748994,1.8479729729729726,1.4388489208633088,1.2790697674418603,0.7368421052631579,-0.3546099290780142,-0.7035928143712574,-0.4179104477611941,-0.6357142857142859,1.278523489932886,-0.8740740740740736,-0.6977687626774848,-0.08978328173374613,-1.0420184570519584,0.2010351532801611,2.2256706316860746,0.6675421546334773
170,0.9209039548022598,-0.6463878326996202,0.787162162162162,-0.11510791366906481,-0.11627906976744184,-0.10526315789473684,-1.0449172576832153,-0.9850299401197604,0.35820895522388063,-1.1785714285714288,0.27181208053691286,-0.9037037037037031,-0.7707910750507098,-0.33746130030959753,-1.2556572244872364,-0.08263450734901646,1.0007098462008508,1.2411897969659986
171,0.9322033898305084,-0.21292775665399305,0.35472972972972966,-0.23021582733812962,0.0,-0.631578947368421,-0.9125295508274234,-0.9730538922155688,0.8358208955223879,-1.3071428571428574,1.7483218120805366,-1.17037037037037,-0.9330628803245435,-0.4200206398348813,-1.3133957565256638,0.10403078768059655,3.5431003106932697,0.8372071168005231
172,0.943502824858757,0.8441064638783258,0.4358108108108105,0.34532374100719443,0.11627906976744184,-0.3684210526315789,-0.6382978723404257,-0.8592814371257484,0.5970149253731343,-0.4500000000000003,1.6812080536912748,-1.0222222222222217,-0.8681541582150101,-0.02786377708978328,-1.1989006023130968,-0.14698876931202617,3.0581918014310077,1.7255581560360271
173,0.9548022598870056,0.5019011406844103,2.5574324324324325,0.25899280575539646,0.2325581395348837,-0.15789473684210525,-0.6382978723404257,-0.9131736526946108,1.0746268656716418,-0.7071428571428573,1.0100671140939599,-0.9629629629629625,-0.843813387423935,0.13725490196078433,-1.3221650659646282,0.0087458882569221,2.041270055996482,1.6675577964137427
174,0.9661016949152542,0.26615969581748994,1.3817567567567568,0.34532374100719443,0.8139534883720929,0.21052631578947367,-0.524822695035461,-0.8293413173652694,0.5373134328358208,-0.2071428571428575,0.8758389261744967,-0.7851851851851849,-0.9898580121703853,0.15789473684210525,-1.1989005642685302,0.47510356182361535,1.5902911872283705,1.9122853715596273
175,0.9774011299435028,0.16730038022813584,1.6317567567567568,-0.287769784172662,0.11627906976744184,1.1578947368421053,-0.7234042553191489,-0.8652694610778443,0.5373134328358208,-0.292857142857143,1.8489932885906037,-1.1111111111111107,-0.9898580121703853,0.3333333333333333,-1.1591045617371882,0.25672878907206653,3.520509495507072,2.0438911439280276
176,0.9887005649717514,0.09125475285171035,0.48986486486486464,0.02877697841726684,0.11627906976744184,1.1578947368421053,-0.6666666666666669,-0.8712574850299399,1.1343283582089554,-0.135714285714286,1.5469798657718123,-1.081481481481481,-0.9411764705882351,0.34365325077399383,-1.2093594155521898,0.045501040959279315,3.017344494159418,2.37158685298932
177,1.0,0.8212927756653985,1.5101351351351349,1.0935251798561156,1.1627906976744184,-0.10526315789473684,-0.2884160756501184,-0.8233532934131735,1.3134328358208958,-0.292857142857143,1.513422818791946,-1.0518518518518514,-0.9574036511156185,-0.23426212590299278,-1.3045939423749062,0.3040661868703385,2.8997139751546674,1.7339637976714313
