CustomerID,Age,Annual Income (k$),Spending Score (1-100),Age_x_Annual Income (k$),Age_per_Annual Income (k$),Annual Income (k$)_per_Age,Age_x_Spending Score (1-100),Age_per_Spending Score (1-100),Spending Score (1-100)_per_Age,Annual Income (k$)_x_Spending Score (1-100),Annual Income (k$)_per_Spending Score (1-100),Spending Score (1-100)_per_Annual Income (k$)
2,-1.3052528689665543,-1.9011171408298488,1.1963944964540314,-1.7274148764846702,1.32970795722242,-1.1391640150134354,-0.17876519991737172,-0.36386694950891973,2.1954085225108892,-0.8428646522670774,-0.31851078896702656,4.4511891840887525
4,-1.1590707026808806,-1.8591352420899987,1.0371824815170565,-1.682363006026874,1.4104606205790065,-1.1598965611693486,-0.10626261830236108,-0.3537127308399893,1.7083443659207644,-0.8350338611872217,-0.31575012662415486,3.845721910013749
5,-0.5743420375381861,-1.8171533433501486,-0.43552865664996154,-1.5472073946534852,2.2417379226120038,-1.3237505741446574,-0.6562464874105133,-0.23109125489745114,-0.25926458202424474,-1.0893042538978328,-0.28922574205545754,1.3109433089850138
6,-1.2321617858237175,-1.8171533433501486,0.9973794777828128,-1.6772627942769347,1.1017004954315475,-1.0741391992476743,-0.20880198372930472,-0.35608834877340956,1.8104010428533932,-0.8073957750230247,-0.3138094706435572,3.493353600009528
7,-0.2819777049668389,-1.7751714446102982,-1.7888307836142483,-1.4596537596128623,2.5021168548491413,-1.3616933672548472,-1.7230701883170985,1.0711592043023903,-1.329272918113543,-1.3527873419965095,0.025220986960222107,-0.7704294674435054
8,-1.1590707026808806,-1.7751714446102982,1.7138335449992,-1.6432613826106734,1.0665141640785356,-1.0631446637509767,0.29871608757576984,-0.36762011093851,2.415181395820834,-0.6231418672617123,-0.3177409527961674,4.267974554226612
10,-0.647433120681023,-1.733189545870448,0.8381674628458378,-1.5106558771122542,1.7150539860790326,-1.2292354138369588,0.2966445852439124,-0.3233429487531549,0.8019298449800121,-0.7723875325483754,-0.3088998660696257,2.7914087937448775
12,-0.2819777049668389,-1.733189545870448,1.9128485636704184,-1.4299025244048835,2.2817392604086146,-1.32990345762921,1.6482998567808966,-0.3395958899292914,1.2117765432213337,-0.5360818958444922,-0.3176884639563766,4.255920971790041
13,1.399117207318408,-1.6912076471305977,-1.4306037500060547,-1.0091350550348996,4.5598140796474045,-1.5502404131012695,-1.039474418804141,0.5648477469425904,-1.245890313409958,-1.2643454662710796,-0.17830439246521293,-0.3410200294843447
14,-1.0859796195380438,-1.6912076471305977,1.0371824815170565,-1.5871590533613422,0.8990271978446581,-1.0067060552438727,-0.02650977852584937,-0.35036926858124673,1.5749462065223903,-0.6931583522110111,-0.3094064769518896,2.8537861747326745
15,-0.13579553868116526,-1.6912076471305977,-1.5102097574745421,-1.3661498775306435,2.298739829122179,-1.3324810169402759,-1.4423816223504144,0.30212020383454974,-1.1572111551735171,-1.282770857047211,-0.15325511241546477,-0.4440782941365065
16,-1.2321617858237175,-1.6912076471305977,1.116788488985544,-1.6211604650276035,0.6836867930327316,-0.9224146331414418,-0.14044240677800895,-0.3589183745863582,1.940806804796489,-0.6747329614348798,-0.31020947057112586,2.9568444393848363
17,-0.2819777049668389,-1.6492257483907475,-0.6345436753211802,-1.3704000539889263,1.9039490955122342,-1.2663236383779344,-0.6717827548994442,-0.17316577288004684,-0.5369026559768608,-1.0639693415806524,-0.26785557274040894,0.6036807339167529
18,-1.3783439521093912,-1.6492257483907475,0.5993494404403754,-1.6381611708607342,0.3658033431933663,-0.7656325868086944,-0.5733863941362154,-0.35259824358927017,1.6626078316399178,-0.7640961066991163,-0.30226987115469256,2.125017025261372
19,0.960570708461387,-1.565261950911047,-0.8733616977266425,-0.9785337845352644,3.1835080458618252,-1.4417794811379794,-0.3786651749416154,0.031016002596407893,-0.9598854500801431,-1.0952925059000755,-0.24427469662282264,0.18547328753928846
20,-0.2819777049668389,-1.565261950911047,1.8730455599361748,-1.3108975835729688,1.5918615651325019,-1.202743819126659,1.6120485659733912,-0.33866715041977064,1.1844534307338621,-0.3642651268570683,-0.31246502224983097,3.2772212472677187
21,-0.2819777049668389,-1.5232800521711969,-0.6345436753211802,-1.2811463483649903,1.4553232697786407,-1.1709539095010215,-0.6717827548994442,-0.17316577288004684,-0.5369026559768608,-1.0156026907933078,-0.25738855094429375,0.38897602432624356
22,-1.0128885363952072,-1.5232800521711969,0.8779704665800815,-1.4851548183625582,0.5580715755851842,-0.8657707893022252,-0.05033205534221001,-0.3424457210992964,1.299210471267849,-0.5955037810975154,-0.3009772438542986,2.0207318949167723
23,0.5220242096043661,-1.4812981534313467,-1.8286337873484921,-1.017635407951465,2.2772058282636194,-1.3292123685058619,-1.702355164998524,1.9378958583603538,-1.3892649687345366,-1.344956550916654,0.2694514414566453,-0.9078404830100698
24,-0.5743420375381861,-1.4812981534313467,0.8779704665800815,-1.3363986423226648,0.9851633864716376,-1.036615907616814,0.4033269553345709,-0.3212857270932713,0.7587417020624115,-0.5618774429310759,-0.29930443212684366,1.8953443435605808
25,1.1067528747470605,-1.355352457211796,-1.4704067537402985,-0.7099226323717999,2.467935920802884,-1.3569837452142073,-1.1575500517200155,0.562395870022518,-1.2452796439003586,-1.2219670674859777,-0.09689422720421369,-0.598665683753445
26,-0.7205242038238598,-1.355352457211796,1.236197500188275,-1.304947336531373,0.5452537075152255,-0.8596320422762334,0.5224383394163741,-0.33956417706321024,1.2108343509441544,-0.3449184665421305,-0.29942683292225697,1.9041779221253938
27,0.4489331264615293,-1.355352457211796,-0.7539526865239113,-0.9241315258692463,1.7757703240193268,-1.2415981487179077,-0.44909625422476857,-0.06857809669842925,-0.8131696779213493,-0.9898071437067241,-0.23427387809741337,0.06385174133213005
28,-0.2819777049668389,-1.355352457211796,0.4003344217691568,-1.1621414075330756,1.0066974387042635,-1.0437942709984709,0.2707508060956943,-0.28289710448586997,0.1734982686974056,-0.6157717109512598,-0.2850718210229926,1.1312409261922227
29,0.0834777107473452,-1.3133705584719457,-0.7937556902581551,-1.0091350550348996,1.2851548663555454,-1.1272427808848091,-0.6562464874105133,-0.09842321574344319,-0.7520721641687748,-0.9884252393985142,-0.22688787494880638,-0.012299685481904939
30,-1.1590707026808806,-1.3133705584719457,1.4352125188594937,-1.4282024538215705,0.02281454269759417,-0.5310092279499307,0.13196014986124532,-0.36255176889368745,2.1241308540972756,-0.24035437388758568,-0.3004196398554176,1.9777909731646954
32,-1.3052528689665543,-1.2713886597320956,0.8779704665800815,-1.4596537596128623,-0.17767480109192704,-0.34441628951054604,-0.3527713957933973,-0.3565523837699798,1.8311003629504679,-0.3937457520988783,-0.2909403734895692,1.393794133956231
33,1.033661791604224,-1.145442963512545,-1.8684367910827357,-0.5084642682492015,1.7734398188392457,-1.2411316278012612,-1.720998685985241,2.9805541982002404,-1.4210373329371615,-1.3417321075308308,0.6663258994845339,-0.9890379032457439
35,0.7412974590328766,-1.145442963512545,-1.4704067537402985,-0.6206689267478639,1.512421141198664,-1.184578150366429,-1.2300526333350261,0.47045066328051927,-1.2199804659331976,-1.189722633627748,-0.05328163825617755,-0.6767401254212063
36,-1.3052528689665543,-1.145442963512545,1.1963944964540314,-1.4061015362385005,-0.3147096022854055,-0.18546674440996827,-0.17876519991737172,-0.36386694950891973,2.1954085225108892,-0.17125915847709353,-0.29137406535159915,1.4156549860031946
37,0.22965987703301882,-1.1034610647726948,-1.3509977425375672,-0.7813255968709487,0.9750297484271351,-1.033197630167477,-1.201051600689022,0.2054321342180078,-1.1061341642892972,-1.1362890003769675,-0.09689422412567822,-0.5986656805058106
38,-0.647433120681023,-1.1034610647726948,0.8779704665800815,-1.1281399958668143,0.21500477461982284,-0.6729119980374592,0.32771712022177407,-0.32481239276094215,0.8338068093969339,-0.2592403994331202,-0.2842491265797496,1.0987645957710075
39,-0.20888662182400208,-0.977515368553144,-0.9927707089293737,-0.8629289848699758,0.410146326945239,-0.7903580461309442,-0.9711148418528452,-0.07414785720897345,-0.8025440268346877,-0.9594052489261076,-0.16734532669897362,-0.3897637866694424
40,-1.3783439521093912,-0.977515368553144,0.957576474048569,-1.3661498775306435,-0.5210554449852929,0.12448486363521441,-0.3869511842690452,-0.3619599377686632,2.092946844096049,-0.12427441199795884,-0.280881198946467,0.9750619116997771
41,1.9107547893182657,-0.9355334698132939,-0.6345436753211802,0.10441117703515895,1.998396720176829,-1.2834412734448764,0.41575596932571557,0.047502732757970935,-0.9782760047533537,-0.7898916537857,-0.20854244922908902,-0.16473613325567937
42,-1.0859796195380438,-0.9355334698132939,1.6342275375307125,-1.2199438073657198,-0.3250129657168134,-0.17222093849866582,0.34636064120849114,-0.36345238162542276,2.1726392843589024,0.20784325674180684,-0.2906858150405224,1.381137873139553
43,0.6682063758900397,-0.8935515710734436,-0.5947406715869364,-0.4039099273754479,0.9652858485002821,-1.029886178541819,-0.1507999184372962,-0.08735024263727635,-0.7759798846922319,-0.7558046808498573,-0.2088331997295434,-0.16264993287504673
44,-0.5743420375381861,-0.8935515710734436,0.4003344217691568,-0.9674833257437294,0.026622522609061762,-0.5341302411930877,0.018027521609085745,-0.2997788482921782,0.3885575987581728,-0.3066857806816582,-0.2630510371946906,0.49797998483364225
45,0.7412974590328766,-0.8935515710734436,-0.9131647014608862,-0.37075855100084315,1.0205013382585892,-1.0483356794300842,-0.5195273335079218,0.019919166335136414,-0.9467493388280216,-0.899522728903681,-0.17103562234126474,-0.3740515065418272
46,-1.0859796195380438,-0.8935515710734436,0.5595464367061317,-1.199542960365963,-0.3598859056990878,-0.1258606542350431,-0.32480611431332174,-0.33555515910888145,1.0967917442531803,-0.2348267566547463,-0.26785557177422237,0.6036807716670325
47,0.8143885421757133,-0.8515696723335934,0.1615163993636944,-0.2951054100434117,1.0066974675444964,-1.0437942633688928,0.9077377731418593,-0.19657000589489443,-0.4412717532540827,-0.3891394044048455,-0.2523136303628585,0.30309416001794504
48,-0.8667063701095334,-0.8515696723335934,-0.1569076305102554,-1.0771378783674221,-0.23150989107926265,-0.285546070178421,-0.6262097035985803,-0.2827175121888471,0.17147432034649548,-0.5365425306138955,-0.23719684856528236,0.09697762556070802
49,-0.7205242038238598,-0.8515696723335934,-0.3559226491814741,-1.0091350550348996,-0.12383968598154445,-0.3992264573161942,-0.6790330130609452,-0.2528516212917402,-0.1082124509985421,-0.6286694844945517,-0.22482448258034657,-0.03184520847506494
50,-0.5743420375381861,-0.8515696723335934,-0.3559226491814741,-0.9411322317023769,-0.01616948088382625,-0.4982384078771074,-0.5920299151229325,-0.24059225980902801,-0.19756723147353844,-0.6286694844945517,-0.22482448258034657,-0.03184520847506494
51,0.7412974590328766,-0.767605874853893,0.042107388160963224,-0.24580336312733275,0.8272471287058049,-0.9802144439619119,0.6985160376242571,-0.18801845849354185,-0.47835312093343396,-0.39650956071529797,-0.24249317285161515,0.1620024861644311
52,-0.42815987125251254,-0.767605874853893,0.36053141803491306,-0.8170270791205231,0.006902707937066198,-0.5178157687354897,0.11020937537674214,-0.289016736654344,0.24553192588083841,-0.24173627819579555,-0.25564404629398074,0.3583039477859679
53,-0.5743420375381861,-0.7256239761140427,0.12171339562945069,-0.8620789495783193,-0.13260353717707823,-0.39056290792916604,-0.20673048139744726,-0.28281894857861667,0.17261687183070026,-0.3329419625376452,-0.2438847996248477,0.18026308796212667
54,1.4722082904612448,-0.7256239761140427,0.36053141803491306,0.16136354157614669,1.2696130897970708,-1.1229996296241445,1.725981194225551,-0.1774565463648042,-0.5206940186221034,-0.21409819203159866,-0.253608792031618,0.3240653215552027
55,0.8143885421757133,-0.7256239761140427,-0.2365136379787429,-0.16760011629493168,0.8189006025553799,-0.9770354525828355,0.3898621901774975,-0.1445605944070651,-0.632533542305772,-0.511207618296715,-0.22443681491935144,-0.03544026242748758
56,0.5951152927472029,-0.7256239761140427,-0.3957256529157178,-0.2772546689186245,0.6686631068081498,-0.9159582440142555,0.05531456358251979,-0.1354906609274026,-0.6589846418566144,-0.5904367986340794,-0.2130526288171253,-0.13130841815620503
57,0.8874796253185502,-0.6836420773741925,-0.03749861930752423,-0.08769679887921755,0.8109334639486246,-0.9739811275299058,0.7005875399561146,-0.16801683883100768,-0.5556538032016388,-0.3891394044048455,-0.2336633006186678,0.05715966133855252
58,2.2031191218896127,-0.6836420773741925,-0.19671063424449914,0.5855311521127567,1.6918715076593596,-1.2243978055493097,1.346896267495638,-0.04444247528610874,-0.8556722926883235,-0.470211123819823,-0.2243188291092391,-0.036529672718576454
59,-0.8667063701095334,-0.5996782798944921,0.0023043844267194957,-0.9394321611190639,-0.4211030741949579,-0.03829121962773546,-0.5143485776782781,-0.29431710808706835,0.31314971723031415,-0.32188672807196644,-0.23098155379165325,0.028645517319784524
60,1.033661791604224,-0.5996782798944921,-0.19671063424449914,0.0772100477021499,0.7960383787047083,-0.9682182500650239,0.5845834093720975,-0.1339891158669688,-0.6632076018744346,-0.4278327250347211,-0.21900947019087652,-0.08337433872877865
61,2.2762102050324495,-0.5996782798944921,0.20131940309793814,0.7419376457775588,1.5918616363698748,-1.2027438086814033,2.119566637278466,-0.1088041219543463,-0.7281644324599187,-0.21594073110921178,-0.240815765359039,0.14066537336834758
62,-1.451435035252228,-0.5996782798944921,0.1615163993636944,-1.252245148448668,-0.7956081366256246,0.7598647471592515,-0.8582179647666144,-0.34167626717052185,1.2750510529032968,-0.23712993050176273,-0.23899196612030485,0.11826140215863484
63,2.0569369556039394,-0.5576963811546418,0.042107388160963224,0.681585140069945,1.3846886245302215,-1.1533982771165308,1.6679791289335424,-0.09890233038424667,-0.7510016616086636,-0.2767445206704449,-0.23075132136809126,0.026262116654652796
64,1.1067528747470605,-0.5576963811546418,0.32072841430066934,0.16221357686780322,0.7890662111336122,-0.9654968912591987,1.3593252814867827,-0.19498327776107868,-0.44835552167102527,-0.1251956815367654,-0.2438464707667476,0.17975315352410434
65,1.764572623032592,-0.5157144824147917,0.0023043844267194957,0.5753307286128784,1.1412852356930725,-1.0861808064011509,1.3872905629668584,-0.11259010181506941,-0.7190567293961352,-0.2749019815928318,-0.2261927202472375,-0.018962920509012417
66,-1.5245261183950647,-0.5157144824147917,0.32072841430066934,-1.2607455013652333,-0.8775311183008777,1.0331464111463826,-0.8406101949458261,-0.35206933444773797,1.6413565049685588,-0.09801823014197182,-0.24177672067001424,0.152800858921034
67,0.3027509601758556,-0.5157144824147917,-0.03749861930752423,-0.24070315137739354,0.24403352280687246,-0.6918873578427781,0.28628707358462513,-0.20920829356984066,-0.3812244510094407,-0.2970124505241893,-0.2238940801918907,-0.04043339293776822
68,2.1300280387467763,-0.5157144824147917,-0.11710462677601169,0.7793391986104463,1.3655981639146224,-1.1485139624047203,1.4401138724292233,-0.06589635759491441,-0.8181699810468972,-0.34123338838690426,-0.21900947008026486,-0.08337433779527983
69,-1.451435035252228,-0.5157144824147917,0.32072841430066934,-1.2199438073657198,-0.8326685326565677,0.8769854640147109,-0.7795008761560314,-0.3477058328731086,1.476379245335418,-0.09801823014197182,-0.24177672067001424,0.152800858921034
70,-0.5012509543953494,-0.5157144824147917,-0.1569076305102554,-0.6895217853720431,-0.24945491928053756,-0.26494148964080466,-0.38280817960533026,-0.25532957689213953,-0.08863284549154118,-0.36334385731826174,-0.21641127321569562,-0.10484481022403563
71,2.2762102050324495,-0.4737325836749414,0.1615163993636944,0.9204450570254309,1.3912339284478894,-1.1550589435617347,2.0470640556634554,-0.10295306313642516,-0.7418259888988196,-0.16112519355022134,-0.23233113399902808,0.04281945982882606
72,0.5951152927472029,-0.4737325836749414,-0.3559226491814741,-0.0375447166714821,0.38045240656266116,-0.7739182212465248,0.1039948683811698,-0.14251736794733016,-0.6386376430473032,-0.4545495416601114,-0.19865692796545098,-0.23060043407402867
73,1.5452993736040814,-0.43175068493509117,-0.07730162304176796,0.5549298816131216,0.8990272753672026,-1.0067060320637309,1.1045304946683168,-0.11537163787764858,-0.712225951807357,-0.2739807120540252,-0.21651732196130694,-0.10398599048524289
74,1.5452993736040814,-0.43175068493509117,0.20131940309793814,0.5549298816131216,0.8990272753672026,-1.0067060320637309,1.5395459843583807,-0.15477672778816362,-0.6006565744886404,-0.11275854276287682,-0.23209324710215404,0.040295584356230756
75,1.4722082904612448,-0.2638230899756903,-0.1569076305102554,0.7130364458612367,0.6677357260049697,-0.9155569966052145,0.93156004995822,-0.10743472628991903,-0.7314061597456286,-0.23344485234653647,-0.20082209170350557,-0.21696838638673133
76,-0.9397974532523703,-0.2638230899756903,0.12171339562945069,-0.8017264438707055,-0.648233455941015,0.3769701286463049,-0.48638329619820264,-0.30665659603223777,0.4929684873689214,-0.0593249095120962,-0.2190094697975907,-0.08337433540967187
77,0.4489331264615293,-0.2638230899756903,0.08191039189520695,0.07040976536889762,0.10944577002788536,-0.598735527762235,0.5296885975778752,-0.21202563338706829,-0.3668921711258021,-0.08419918705987338,-0.21670540841624042,-0.102459199834966
78,0.0834777107473452,-0.2638230899756903,-0.11710462677601169,-0.15909976337836634,-0.08994349996393043,-0.43183850534039947,0.04806430542101873,-0.21607353620509515,-0.3456408644660916,-0.2085705747987593,-0.203745063176146,-0.19788352196143708
79,-1.1590707026808806,-0.2638230899756903,0.042107388160963224,-0.9394321611190639,-0.7678670179361046,0.6783894897797191,-0.7018195387113771,-0.31674175465141263,0.6688781454794859,-0.10907346460765056,-0.21431272929115777,-0.12154406426026024
80,0.7412974590328766,-0.2638230899756903,-0.3559226491814741,0.2540173883667088,0.2689571860213381,-0.7077295020892225,0.1909979663191826,-0.13025800646461794,-0.6735182117228455,-0.3578162400854224,-0.1841193976238423,-0.3123927085132023
81,1.326026124175571,-0.2638230899756903,0.0023043844267194957,0.6212326343623311,0.5879800180082437,-0.8798252518316974,1.070350706192669,-0.14287793619373587,-0.6375667451792326,-0.13394774215542773,-0.21182621961399015,-0.1406289286855545
82,-0.06270445553832844,-0.2638230899756903,0.1615163993636944,-0.25090357487727194,-0.16969920796065693,-0.35278202135894243,0.22414200362890174,-0.252740171549976,-0.10908023364303075,-0.03445063196431902,-0.22122974713023336,-0.06428947098437764
83,2.0569369556039394,-0.2638230899756903,-0.3957256529157178,1.0802516918568592,0.9867585579918753,-1.0371515910782636,0.9046305196440731,-0.009906958006694052,-0.9080076086418714,-0.38269051763319956,-0.18028999948091606,-0.33147757293849656
84,0.5220242096043661,-0.2638230899756903,-0.2763166417129866,0.11631167111835042,0.1493236240262486,-0.6277610969737246,0.15578242667760597,-0.16146365358387166,-0.578481299164608,-0.30806768498986803,-0.19125600326570916,-0.27422297966261394
85,-1.3052528689665543,-0.2638230899756903,0.24112240683218186,-1.0312359726179694,-0.847622725932831,0.9271800712940769,-0.7007837875454483,-0.3357636180936878,1.1024840438296262,0.015297923131235338,-0.2254365883961829,-0.026119742133789158
86,0.6682063758900397,-0.2638230899756903,-0.19671063424449914,0.20811548261725601,0.22907933202297487,-0.682184039320855,0.34636064120849114,-0.16197244104848754,-0.5767488545960815,-0.25831912989431366,-0.19777203451742617,-0.23605325081202544
87,1.1798439578898974,-0.13787739375613964,0.2809254105664256,0.6696846459867536,0.3927884188835516,-0.7808050066605938,1.3634682861504976,-0.18648197304046968,-0.4847403398413371,0.12032265055518343,-0.221114905084246,-0.06529393651098861
88,-1.2321617858237175,-0.13787739375613964,0.1615163993636944,-0.9292317376191854,-0.853919228385654,0.9488550155020923,-0.687319022388375,-0.3276337257567514,0.8975607092517208,0.04155410498722236,-0.21456891500895653,-0.11953513019363882
89,-0.35506878810967574,-0.09589549501628943,0.36053141803491306,-0.3189063982097946,-0.4227173144760183,-0.03586713799236711,0.17235444533246555,-0.2847259601047464,0.1943924121226119,0.20047310043135436,-0.2230799780961768,-0.04783700029064389
90,0.8143885421757133,-0.09589549501628943,-0.19671063424449914,0.4699263524474682,0.17132520101689455,-0.6432413986525486,0.4416497484739337,-0.15077911097588004,-0.613407363400603,-0.17356233232410992,-0.18715331668070098,-0.2965983369104573
91,2.1300280387467763,-0.05391359627643921,0.1615163993636944,1.4151655967695331,0.7968318335217826,-0.9685269715874775,1.9331314274112956,-0.11231475741227212,-0.7197264126314735,0.09222392962158328,-0.21012836026143866,-0.15324434603524262
92,-1.5245261183950647,-0.05391359627643921,-0.3957256529157178,-1.0924385136172399,-1.0280869116401588,1.7130972375690867,-1.1761935727067325,-0.31758703016242995,0.6850475937122064,-0.28826038990552694,-0.1653978952371846,-0.39778938888550497
93,0.6682063758900397,-0.011931697536588992,-0.07730162304176796,0.4529256466143376,0.03766563602105995,-0.5431031836324696,0.4955088091022273,-0.1784197828603324,-0.5169795455672364,-0.04826967504641746,-0.1915958412909251,-0.2723144916614872
94,0.0834777107473452,-0.011931697536588992,-0.43552865664996154,0.04490870661920163,-0.24945491329885958,-0.26494147920974087,-0.2833760676761728,-0.17316577196059477,-0.5369026525614718,-0.2970124505241893,-0.15795184322700961,-0.4269018937926432
95,-0.5012509543953494,-0.011931697536588992,-0.3559226491814741,-0.36310823337593434,-0.5365754626187793,0.1523010730780752,-0.5485283661539261,-0.23446257906767187,-0.2380561165071616,-0.24173627819579555,-0.16667436121391188,-0.3925491377634975
96,-1.0859796195380438,-0.011931697536588992,0.042107388160963224,-0.7711251733710703,-0.8236960119386989,0.8477053153010315,-0.6479604780830835,-0.3117908586453407,0.5787910767948693,0.03464458344617315,-0.2002225075109291,-0.22078535761776855
97,0.5951152927472029,-0.011931697536588992,-0.1569076305102554,0.4019235291149456,0.0017755673560699466,-0.5135115128390186,0.3473963923744198,-0.17316577100201705,-0.5369026490007472,-0.10354584737481119,-0.18523291019131552,-0.306667247690633
98,-0.8667063701095334,-0.011931697536588992,-0.03749861930752423,-0.6181188208728943,-0.716025805943729,0.5386367649905306,-0.5423138591583537,-0.29159120304750646,0.27773086800935953,-0.020631588882220588,-0.19458641891155937,-0.2551381136469144
99,0.6682063758900397,0.03005020120326123,-0.3559226491814741,0.49372734061385115,0.009424270977155882,-0.5199230410177387,0.14749641735017618,-0.13638768720597402,-0.6564412666345417,-0.22238961788085773,-0.16376685514559014,-0.4043754962026073
100,-1.3783439521093912,0.03005020120326123,-0.07730162304176796,-0.9581329375355075,-0.9790235220336188,1.459661039301078,-0.9255417905519814,-0.32553212115326124,0.8497452525561155,-0.02569857134565668,-0.18910369322388695,-0.28611190984044876
101,-1.1590707026808806,0.07203209994311145,-0.3957256529157178,-0.7830256674542617,-0.8862141956353248,1.0653970794532075,-0.9638645836913442,-0.28619110443225276,0.21151300848532312,-0.23160231326892336,-0.1564626326909457,-0.43244266052771274
102,0.7412974590328766,0.07203209994311145,-0.11710462677601169,0.5872312226960699,0.016826242227347396,-0.5260728741740962,0.4955088091022273,-0.16780230022325135,-0.5564191572491987,-0.03168682334789934,-0.18339252063732078,-0.3160865513341781
103,2.0569369556039394,0.07203209994311145,0.32072841430066934,1.5358706081847608,0.6420080838245819,-0.9042982356059583,2.1537464257541137,-0.13825775729089618,-0.6510887862238949,0.2824660893851384,-0.21280021931574702,-0.13324123688719502
104,-0.9397974532523703,0.07203209994311145,0.1615163993636944,-0.6249191032061465,-0.7820172220357856,0.7193229981518797,-0.4594537658840558,-0.30891033720505756,0.5297495999690567,0.16822866657312469,-0.20346752814016186,-0.19973044214064345
105,0.7412974590328766,0.07203209994311145,0.20131940309793814,0.5872312226960699,0.016826242227347396,-0.5260728741740962,0.901523266146287,-0.2053465942053627,-0.4002870846176695,0.1967880222761281,-0.20592569233149918,-0.18310814082728136
106,-1.3052528689665543,0.07203209994311145,-0.3559226491814741,-0.8884300436196718,-0.9556788447016841,1.351045524895618,-1.0270454048129962,-0.3018890672225892,0.4194062446538367,-0.20304295756591992,-0.16085934907726843,-0.4158203592143507
107,1.9838458724611023,0.11401399868296166,-0.03749861930752423,1.539270749351387,0.570889515119916,-0.8718397455886991,1.4774009144026572,-0.09078286119569601,-0.7687351158451193,0.04846362652827158,-0.18725950359147656,-0.29603425112770476
108,1.1067528747470605,0.11401399868296166,-0.19671063424449914,0.8966440688590479,0.1607173014802119,-0.6358237510865599,0.6322279630048188,-0.128392450830665,-0.6785780458706104,-0.06761633536135526,-0.17387991938479452,-0.36146807218753313
109,2.1300280387467763,0.11401399868296166,-0.3161196454472303,1.6463751961001103,0.6392515507265335,-0.9030771567448438,1.087958476013457,-0.023487520767660284,-0.8884868156293426,-0.1546763067785754,-0.16221167738207307,-0.41054343798240434
110,1.9838458724611023,0.11401399868296166,-0.11710462677601169,1.539270749351387,0.570889515119916,-0.8718397455886991,1.3406817605000658,-0.07662329892421303,-0.7977141749328495,-0.009576354416541841,-0.18084845281996764,-0.3287511616576189
111,1.9107547893182657,0.11401399868296166,0.042107388160963224,1.4857185259770254,0.5367084973166076,-0.8555001766873443,1.5602610076769552,-0.10880412239639059,-0.7281644333006297,0.106503607473085,-0.19317739662081476,-0.2633173405977906
112,-1.451435035252228,0.11401399868296166,0.12171339562945069,-0.9776837492436079,-1.0356183216355925,1.7553908404306595,-0.8778972369192601,-0.34002930246730734,1.224719004795266,0.16454358841789843,-0.19865692721165312,-0.23060043006787642
113,-0.06270445553832844,0.1559958974228119,-0.3559226491814741,0.0721098359522107,-0.4064739623763327,-0.0599802215149825,-0.2875190723398877,-0.1976844946195352,-0.43623855495465735,-0.1643496369360443,-0.15504433694062494,-0.4376371293472514
114,-1.451435035252228,0.1559958974228119,-0.19671063424449914,-0.9615330787021338,-1.0457658111373953,1.8139511988583898,-1.0353314141404262,-0.3242757271012963,0.8220626199310235,-0.04642713596880433,-0.17122523992561323,-0.3732257117255079
115,-1.5245261183950647,0.19797779616266212,-0.11710462677601169,-1.0006347021183342,-1.088730364392564,2.083979506526925,-1.0456889257997133,-0.33406989082738,1.0569455036452322,0.03464458344617315,-0.17576031718526133,-0.3529113413695528
116,-1.451435035252228,0.19797779616266212,-0.03749861930752423,-0.9453824081606595,-1.0556010701977923,1.8725115572861195,-0.9566143255298432,-0.3327826577863394,1.0233908123631448,0.09452710346859969,-0.18237489337808802,-0.32120110499430243
117,1.764572623032592,0.19797779616266212,-0.3161196454472303,1.4857185259770254,0.40208787437217003,-0.7859427672353602,0.8652719753387816,-0.05342317091644021,-0.8404927864380549,-0.11506171660989323,-0.1565318980826717,-0.4321869323076784
118,0.7412974590328766,0.19797779616266212,0.32072841430066934,0.7121864105695802,-0.06172224435463623,-0.45795163870592387,1.0537786875378092,-0.2168007856342258,-0.34173755738084605,0.36399844356951916,-0.20659096902554694,-0.17850504130567638
119,0.8874796253185502,0.28194159364236254,-0.3161196454472303,0.9093945982338959,-0.04589929712078034,-0.47219921619609573,0.33082437371956025,-0.12526873127351207,-0.6869118937787818,-0.07544712644121104,-0.15085211878327034,-0.45253827773729655
120,0.8143885421757133,0.28194159364236254,0.24112240683218186,0.8524422336929082,-0.0780396571752446,-0.44296496629437637,1.0113128897347317,-0.2047820182734968,-0.4030193954437449,0.35662828725906665,-0.19758574061986012,-0.23719264255274605
121,-0.8667063701095334,0.28194159364236254,0.20131940309793814,-0.4574621507498095,-0.8172679384279227,0.8271007572996639,-0.37452217027790047,-0.30648632703976086,0.49024396333508746,0.3257657577090468,-0.195022544510393,-0.2525744736373568
122,-0.06270445553832844,0.28194159364236254,-0.43552865664996154,0.1690138592010555,-0.4637239778288157,0.027860318438205356,-0.3662361609504707,-0.18603810150211839,-0.4865706043872151,-0.16803471509127055,-0.13658167365028553,-0.4986837709911288
123,0.0834777107473452,0.365905391122063,0.2809254105664256,0.35092141161555357,-0.43670744275021994,-0.01459594001375341,0.4623647717925081,-0.2530629884269964,-0.10656362934686621,0.4409244500598671,-0.1958496797728839,-0.24767012132256333
124,0.010386627604508373,0.365905391122063,1.5944245337964686,0.2922689764912528,-0.4679161981789258,0.03461728437828125,1.7353029547189094,-0.3202781080321158,0.7381759333106872,1.4897898199911381,-0.24853183856572786,0.2452172488627617
125,-1.1590707026808806,0.4078872898619132,-0.8733616977266425,-0.6266191737894596,-0.9775105902468771,1.4524046691266956,-1.2497319054876719,-0.22643058579276112,-0.2874307773264904,-0.46744731520340327,-0.0463637684294102,-0.6870013312824717
126,-0.5743420375381861,0.4078872898619132,1.0371824815170565,-0.15059941046180103,-0.7314072616724143,0.5785165916023055,0.5317600999097326,-0.32696503277004896,0.8821364031638241,1.0802855099916213,-0.2301108560485737,0.01968393728539709
127,0.3027509601758556,0.44986918860176345,-0.6345436753211802,0.5999817520709179,-0.3808833303946171,-0.09675067447837021,-0.38177242843940157,-0.11432083804324207,-0.7148205936181204,-0.2578584951249104,-0.09340520947182089,-0.6059232971397479
128,0.0834777107473452,0.44986918860176345,1.7536365487334435,0.41892423494807624,-0.47187223710418735,0.04103640202979928,1.995276497367019,-0.32221379666194194,0.778022140594268,1.7044456225330673,-0.24985963888265536,0.2649916466930712
129,1.4722082904612448,0.44986918860176345,-1.5898157649430298,1.5656218433927396,0.10439083872309134,-0.59496383648505,-1.268375426474389,0.9502374424709153,-1.3149167043953907,-1.0427801421881013,0.4470736850476872,-0.9542892746728754
130,-0.06270445553832844,0.44986918860176345,0.957576474048569,0.2982192235328485,-0.5325315082439008,0.14498103837578907,1.0113128897347317,-0.3001727552484993,0.39424026068254836,1.050344249980408,-0.22552228282567063,-0.025313334584535326
131,0.5951152927472029,0.44986918860176345,-1.6694217724115172,0.8413917749013733,-0.2595647881151898,-0.2531048044315126,-1.5024551899742804,0.9138308291076852,-1.3100886037545727,-1.1081902794433673,0.6222288678884231,-0.983319772800636
132,0.010386627604508373,0.44986918860176345,0.957576474048569,0.3585717292404624,-0.5022018726740441,0.09167609669406694,1.088994227179386,-0.2967401339973791,0.34584406054601696,1.050344249980408,-0.22552228282567063,-0.025313334584535326
133,-1.0128885363952072,0.49185108734161365,-0.6743466790554239,-0.4651124683747183,-0.9373478939675288,1.2705111131259743,-1.0601894421227154,-0.24131339978027416,-0.19263145349848915,-0.2749019815928318,-0.08252771645002908,-0.6272929692774825
134,-0.5743420375381861,0.49185108734161365,0.798364459111594,-0.09789722237909596,-0.757897550144106,0.6503002582342666,0.33911038304699004,-0.31820610359586327,0.6970443515117052,0.9522290440975092,-0.21728953607222762,-0.09768797902369333
135,-1.3783439521093912,0.5338329860814639,-1.8286337873484921,-0.7541244675379396,-1.0950839266681072,2.1272491271340095,-1.8370028165692582,0.5991738203182462,-1.254134363896079,-1.2344042062598664,1.441757681654779,-1.0433691593116423
136,-0.7205242038238598,0.5338329860814639,1.4750155225937376,-0.19565128091959727,-0.8295957467144497,0.8668889013239137,0.702659042287972,-0.34577200783774786,1.4086913712355587,1.556581861554614,-0.2398245694447816,0.12838923474937092
137,0.3758420433186925,0.5338329860814639,-1.7490277798800047,0.7351373634443066,-0.38711544679168686,-0.08792947760302254,-1.6215665740560836,1.1876231602798653,-1.3410715339803663,-1.1671515299269872,0.932362781006052,-1.0151340172860757
138,-0.5012509543953494,0.5338329860814639,0.8779704665800815,-0.0094935520468165,-0.741099686729897,0.604313849356862,0.4789367904473677,-0.31775906142560045,0.6883681637896854,1.0521867890580212,-0.21900946920900877,-0.08337433044237842
139,-1.451435035252228,0.575814884821314,-1.6296187686772734,-0.8000263732873925,-1.1321566003430688,2.399554783135689,-1.7437852116356731,0.05853612310069525,-0.9898911119580699,-1.0616661677336359,0.5625280918714424,-0.9746890840885374
140,-0.2819777049668389,0.575814884821314,0.8381674628458378,0.20641541203394295,-0.6665557080858989,0.41854157178086016,0.6695150049782529,-0.3054647130801694,0.47405250605959554,1.0517261542886178,-0.21561737878554857,-0.11122791630900472
141,1.326026124175571,0.6177967835611643,-1.8286337873484921,1.6387248784752015,-0.0484705233196256,-0.4699027284543424,-1.6453888508724444,2.504278259070477,-1.4093248432482617,-1.2297978585658336,1.4906037749963679,-1.0452515020882491
142,-0.5012509543953494,0.6177967835611643,1.674030541264956,0.04490870661920163,-0.7662718990120958,0.6738542764766751,1.141817536641751,-0.34202858834000704,1.2860612478521671,1.8103916194958218,-0.24264467977777107,0.16396551416840577
143,-0.7936152869666966,0.6597786823010146,-0.43552865664996154,-0.18630089271137543,-0.8916982445202258,1.086129652347527,-0.7805366273219602,-0.2503997492097366,-0.1270559784230382,-0.002206198106089344,-0.1091057413373546,-0.5715450751700574
144,-0.5012509543953494,0.6597786823010146,1.4352125188594937,0.0721098359522107,-0.7783611851804785,0.7086244900365818,0.9429533127834359,-0.335919362586017,1.1067533226334225,1.643181198202431,-0.23444932894105455,0.06578895339640704
145,-1.0128885363952072,0.7017605810408647,-1.550012761208786,-0.35885805691765166,-0.9859004755402829,1.4930404779622453,-1.6298525833835134,0.10573467015217469,-1.0341833084948848,-0.9769093701634323,0.4424481134582523,-0.9533467258560949
146,-0.7936152869666966,0.7017605810408647,1.833242556201931,-0.1624999045449925,-0.902001613417302,1.125867039095735,0.8725222335002827,-0.3562978818719813,1.8197157724038144,2.037945195581043,-0.2441878722009108,0.18430948449010856
147,0.6682063758900397,0.7017605810408647,-0.5947406715869364,1.1465544446060687,-0.3426758659307621,-0.14904075918204382,-0.1507999184372962,-0.08735024263727635,-0.7759798846922319,-0.1256563163061687,-0.07993376454545217,-0.6321261488171669
148,-0.5012509543953494,0.7017605810408647,0.9177734703143253,0.09931096528521975,-0.7901364639199939,0.7433947035964886,0.5120808277570869,-0.3192841060180385,0.7182528179928095,1.2221610189678318,-0.21405885069477568,-0.1235269018388641
149,-0.35506878810967574,0.743742479780715,-1.1519827238663487,0.25911760011664803,-0.7463943219730924,0.6186310008089972,-1.1658360610474452,-0.032740366918627535,-0.8744234578126789,-0.6120866327960336,0.09182935076193857,-0.8232798468571054
150,-0.35506878810967574,0.743742479780715,1.554621530062225,0.25911760011664803,-0.7463943219730924,0.6186310008089972,1.2288206345797636,-0.33335476045986673,1.0381944147031044,1.8311201841189695,-0.23529150308239094,0.07517685274538675
151,0.3027509601758556,0.743742479780715,-1.3509977425375672,0.8558423748595343,-0.49792461487520157,0.08437788132818849,-1.1834438308682336,0.22057605081346196,-1.1151359647485364,-0.7917341928633133,0.21916877741113533,-0.8893428394749358
152,0.010386627604508373,0.743742479780715,1.4750155225937376,0.590631363862696,-0.6083555958075976,0.2913819397993166,1.6141200683052488,-0.3165167130262583,0.6646137071673116,1.7592611600920578,-0.23288620260447784,0.04875165569825467
153,0.3758420433186925,0.743742479780715,-1.2315887313348362,0.9221451276087439,-0.4703168696421026,0.03850766369240903,-1.0291169071448538,0.13577012287641077,-1.058525710015496,-0.6839456568229454,0.13512475620468375,-0.8497050439042375
154,-0.06270445553832844,0.743742479780715,0.9973794777828128,0.5243286111134864,-0.6359633410406964,0.3499422982665609,1.0506714340400232,-0.3018890658514764,0.41940628539882746,1.3281070159305866,-0.2157959097700757,-0.10979952658453807
155,0.5951152927472029,0.743742479780715,-1.390800746271811,1.1210533858563727,-0.38749363394280556,-0.0873914445358269,-1.1616930563837304,0.325636969414097,-1.1676596120893945,-0.8276637048767691,0.254187119142761,-0.9025554379985018
156,-0.8667063701095334,0.743742479780715,1.5148185263279812,-0.20500166912781914,-0.9396485386047853,1.2804013166425874,0.5483321185645922,-0.3525105869697481,1.6590659876265914,1.7951906721055135,-0.23410236576731577,0.06196425422182082
157,-0.13579553868116526,0.743742479780715,-1.987845802285467,0.4580258583642768,-0.6635710862737954,0.4116680814302665,-1.9022551400227676,9.094902210559951,-1.4673654055103078,-1.366606385078608,9.183855856313679,-1.1007444158519928
158,-0.647433120681023,0.743742479780715,1.0769854852513001,-0.006093410880190366,-0.8568253029054883,0.9589700216410727,0.4830797951110826,-0.33159444203489824,0.993191631481544,1.3999660399574985,-0.21900946910177727,-0.08337432953740598
159,-0.35506878810967574,0.743742479780715,-1.987845802285467,0.25911760011664803,-0.7463943219730924,0.6186310008089972,-1.905362393520554,8.322563191099055,-1.4650848596190238,-1.366606385078608,9.183855856313679,-1.1007444158519928
160,-0.647433120681023,0.743742479780715,0.8779704665800815,-0.006093410880190366,-0.8568253029054883,0.9589700216410727,0.32771712022177407,-0.32481239276094215,0.8338068093969339,1.2203184798902187,-0.21064541057173433,-0.1494373221552363
161,1.2529350410327342,0.7857243785205652,-0.6345436753211802,1.765380136932025,-0.158593973851035,-0.364284935933037,0.08949435205816766,-0.01869781893343438,-0.8955185009710738,-0.12888075969199164,-0.06549315134884678,-0.6573697488668369
162,-0.7205242038238598,0.7857243785205652,1.2760005039225188,-0.047745140171360494,-0.8945675367667567,1.097091693803933,0.552475123228307,-0.3406611431431005,1.243810520992722,1.6178462858852505,-0.22489454160051345,-0.031192927597732557
163,-1.451435035252228,0.8696881760002656,-1.8286337873484921,-0.6869716794970735,-1.1799381728011695,2.8094772921297984,-1.8421815723989017,0.5476845111627804,-1.2415513524982218,-1.2159788154837352,1.6371420550211346,-1.0503407992318856
164,-0.5743420375381861,0.8696881760002656,1.674030541264956,0.13926262399307682,-0.8609153388449872,0.9733267580780904,1.0454926782103795,-0.3447968312916027,1.3757152075694759,2.067425820822853,-0.2347662761349355,0.06930458729676554
165,0.8143885421757133,1.0376157709596665,-0.9927707089293737,1.617473996183788,-0.4183493478659286,-0.04241210157803195,-0.5941014174547898,0.06447722829517426,-0.9959309415039815,-0.38453305671081267,0.05809821744923273,-0.7987199575040003
166,-0.20888662182400208,1.0376157709596665,0.957576474048569,0.6059319991125136,-0.7730276752350367,0.6931710709095498,0.8559502148454231,-0.30703799775073976,0.49909869408764296,1.5340107578538533,-0.20272743501122506,-0.20461935032298603
167,0.22965987703301882,1.0795976696995166,-1.2315887313348362,1.07515148010692,-0.6333951774392126,0.3443651268366431,-1.0705469537820027,0.11002546443697997,-1.0378263827453427,-0.6102440937184205,0.1839708568731863,-0.8742866222669002
168,-0.42815987125251254,1.0795976696995166,1.7536365487334435,0.4172241643647632,-0.8587514236804795,0.9657133445587187,1.3065019720244178,-0.3411835457345389,1.259798978583712,2.360850168932743,-0.23057828259450877,0.02447734814056926
169,-0.20888662182400208,1.121579568439367,-0.95296770519513,0.667134540111784,-0.7939938815380326,0.7549847841195699,-0.9338277998794112,-0.08735024581562921,-0.7759798896730076,-0.3205048237637566,0.05235775739486414,-0.7941210083119464
170,-0.5012509543953494,1.121579568439367,0.47994042923764424,0.3713222586153104,-0.8930009680225244,1.0910968391955551,0.14749641735017618,-0.2998458392709743,0.3895216217584443,1.12220327400732,-0.17248937201217956,-0.36767300022712984
171,0.0834777107473452,1.121579568439367,-1.5102097574745421,0.9629468216082575,-0.6949867950535409,0.4860951383782218,-1.4019873268791943,0.36153095247987005,-1.1824111873833805,-0.881557972896953,0.4761080907920018,-0.9599619003449306
172,-0.7936152869666966,1.121579568439367,0.957576474048569,0.07550997711883682,-0.9920080545070159,1.5232409065778212,0.23449951528818896,-0.3344989677597015,1.06833018436538,1.6031059732643453,-0.19947102818058998,-0.22552366419885767
173,-0.20888662182400208,1.121579568439367,-1.6296187686772734,0.667134540111784,-0.7939938815380326,0.7549847841195699,-1.56770751342779,0.4961952946880621,-1.2275702214215714,-1.0017836477112094,0.7212779111065851,-0.9954992343519986
174,-0.20888662182400208,1.121579568439367,1.6342275375307125,0.667134540111784,-0.7939938815380326,0.7549847841195699,1.489829928393802,-0.3298723910426004,0.9506890258362071,2.2843847972117985,-0.22564616758362804,-0.024145438158805387
175,0.960570708461387,1.1635614671792172,-1.5102097574745421,1.894585501263818,-0.412591582300888,-0.0509709220252644,-1.2404101449943135,0.5991739470611513,-1.2541343565398564,-0.8755697208947104,0.4855015714368893,-0.9617118448026657
176,-0.647433120681023,1.1635614671792172,1.3954095151252501,0.2489171766167696,-0.950942615130629,1.3298522988407393,0.7316600749339762,-0.3408054113004609,1.2482073468169204,2.0835480377519677,-0.21616957927341923,-0.10679666181641939
177,1.399117207318408,1.1635614671792172,-1.4306037500060547,2.3434041352584676,-0.26576857334732235,-0.24575789989008134,-1.039474418804141,0.5648477469425904,-1.245890313409958,-0.7944980014797329,0.37528473921799754,-0.9382895110222207
178,-0.8667063701095334,1.1635614671792172,0.7187584516431066,0.02450785961944483,-1.024354119607412,1.6924927342270633,-0.010973511036918513,-0.3298723914076003,0.9506890032074978,1.3944384227246591,-0.18538352924602075,-0.30588649895020287
179,1.4722082904612448,1.3734709608784683,-1.4704067537402985,2.6689676519629195,-0.31891955424856117,-0.1800785704471905,-1.0850474701050048,0.6543410767645166,-1.266290825674577,-0.802789427328992,0.4700694291202559,-0.958815534616752
180,-0.2819777049668389,1.3734709608784683,1.554621530062225,0.7716888809855376,-0.8746367497671632,1.0225498546679754,1.3220382395133488,-0.3304942427442432,0.9658685308340876,2.452977122813399,-0.2149389603456938,-0.11661893021180036
181,-0.13579553868116526,1.541398555837869,-0.7539526865239113,1.0556006683988197,-0.8636560831684716,0.9830272688275129,-0.7142485527025219,-0.13293974400378716,-0.6661335921402654,0.027274427135720647,0.029037138255814422,-0.773970973162796
182,-0.5012509543953494,1.541398555837869,1.3954095151252501,0.643333551945401,-0.9746562962400913,1.4387989747946217,0.9098092754737167,-0.33481828120108714,1.0768686684302984,2.4400793492701074,-0.2033900757011673,-0.20024452861625844
183,0.5220242096043661,1.5833804545777195,-1.4306037500060547,1.8367831014311737,-0.6742761276991324,0.43650979776469045,-1.2259096286713111,0.3588904828597647,-1.1813717201268625,-0.7254027860692407,0.45669490564199905,-0.9562147662835281
184,-0.7205242038238598,1.5833804545777195,1.4750155225937376,0.4206243055313893,-1.0478258243814917,1.826067203323995,0.702659042287972,-0.34577200783774786,1.4086913712355587,2.5699783542418326,-0.20513273524326298,-0.18853582556897788
185,0.156568793890182,1.6253623533175696,-0.47533166038420527,1.4551172554773903,-0.7932438266100309,0.7527233159080754,-0.28441181884210154,-0.15996338286073009,-0.5835518686154306,0.37597494757400446,-0.031139848135267306,-0.7079698950019004
186,-0.647433120681023,1.6253623533175696,1.833242556201931,0.5294288228634256,-1.0325109526142429,1.7378228037603722,1.073457959690455,-0.3509897046634751,1.5988539554030627,3.0209397934876447,-0.21649162845453787,-0.10419417901030581
187,1.1067528747470605,1.7093261507972701,-1.0723767163978613,2.640916487338254,-0.5337326771132482,0.14714995682345705,-0.5982444221185048,0.14864245692324946,-1.0681853945160624,-0.28595721605851054,0.17277696308583496,-0.869066078649548
188,-0.7936152869666966,1.7093261507972701,0.6789554479088629,0.40872381144819786,-1.088074335491312,2.079564321052741,0.03149228676615915,-0.32460494194609063,0.8292529518076965,1.761103699169671,-0.15974765392936538,-0.42009936315186136
189,0.156568793890182,1.7932899482769704,-1.3509977425375672,1.5945230433090618,-0.8278773731976052,0.8612742272787581,-1.21865937050981,0.19028821762255363,-1.0966932516232446,-0.5959644158669187,0.39875002828432493,-0.9438608425622909
190,-0.20888662182400208,1.7932899482769704,1.3556065113910063,1.1567548681059472,-0.9324115545025872,1.2494944897997347,1.2288206345797636,-0.3215761581726823,0.7647400657044455,2.6303215090336627,-0.19314976763018077,-0.263476155309219
191,-0.35506878810967574,1.7932899482769704,-1.1121797201321049,0.9816475980247013,-0.97422522702458,1.4367536743107034,-1.1306205214058687,-0.05003914859574309,-0.8462967243933291,-0.311292128375691,0.20573923138978367,-0.8838268995693728
192,-0.5012509543953494,1.7932899482769704,0.7187584516431066,0.8065403279434554,-1.016038899546573,1.6474202561540618,0.34636064120849114,-0.31121684115140263,0.5688295469771887,1.871195409057055,-0.15883673446183977,-0.4235666699570006
193,-0.42815987125251254,2.2131089356754727,-1.7092247761457608,1.1746056092307342,-1.0561874252773769,1.8760607549892556,-1.6671396253569475,0.6313547181879275,-1.2613791238491454,-0.9861220655514978,1.3837530751774514,-1.0409954080795907
194,-0.06270445553832844,2.2131089356754727,1.5944245337964686,1.6548755490166756,-0.9609040563953949,1.37474859772042,1.6410495986193956,-0.3231071914874736,0.7968966561430118,3.334171436681876,-0.18948709919051804,-0.2840187427589207
195,0.5951152927472029,2.5069822268544244,-1.390800746271811,2.7990230515863694,-0.8416410392427222,0.9068887148382875,-1.1616930563837304,0.325636969414097,-1.1676596120893945,-0.5181171398377642,0.5747396507729025,-0.9765459891138839
196,-0.2819777049668389,2.5069822268544244,1.116788488985544,1.5749722316009616,-1.0569814530271653,1.8808774145601919,0.9232740406307901,-0.3165537451926663,0.6653142934718979,2.9642817168510414,-0.15563319686067492,-0.4354900771460386
